problem_id,year,code,question_index,question_label,statement,solution_path,result_path,report_path,artifact_path,attachment_count
2010-A,2010,A,1,问题 1,为了掌握罐体变位后对罐容表的影响，利用如图4的小椭圆型储油罐（两端平头的椭圆柱体），分别对罐体无变位和倾斜角为α=4.10的纵向变位两种情况做了实验，实验数据如附件1所示。请建立数学模型研究罐体变位后对罐容表的影响，并给出罐体变位后油位高度间隔为1cm的罐容表标定值。,cumcm/question_solutions/2010/A/q01/solution.py,cumcm/question_results/2010/A/q01/result.json,cumcm/question_reports/2010/A/q01/report.md,cumcm/question_artifacts/2010/A/q01/experiment_table.csv,6
2010-A,2010,A,2,问题 2,对于图1所示的实际储油罐，试建立罐体变位后标定罐容表的数学模型，即罐内储油量与油位高度及变位参数（纵向倾斜角度α和横向偏转角度β ）之间的一般关系。请利用罐体变位后在进/出油过程中的实际检测数据（附件2），根据你们所建立的数学模型确定变位参数，并给出罐体变位后油位高度间隔为10cm的罐容表标定值。进一步利用附件2中的实际检测数据来分析检验你们模型的正确性与方法的可靠性。 附件1：小椭圆储油罐的实验数据 附件2：实际储油罐的检测数据 PAGE PAGE 1,cumcm/question_solutions/2010/A/q02/solution.py,cumcm/question_results/2010/A/q02/result.json,cumcm/question_reports/2010/A/q02/report.md,cumcm/question_artifacts/2010/A/q02/experiment_table.csv,6
2010-B,2010,B,1,问题 1,2010年上海世博会是首次在中国举办的世界博览会。从1851年伦敦的“万国工业博览会”开始，世博会正日益成为各国人民交流历史文化、展示科技成果、体现合作精神、展望未来发展等的重要舞台。请你们选择感兴趣的某个侧面，建立数学模型，利用互联网数据，定量评估2010年上海世博会的影响力,cumcm/question_solutions/2010/B/q01/solution.py,cumcm/question_results/2010/B/q01/result.json,cumcm/question_reports/2010/B/q01/report.md,cumcm/question_artifacts/2010/B/q01/experiment_table.csv,2
2010-C,2010,C,1,问题 1,针对两炼油厂到铁路线距离和两炼油厂间距离的各种不同情形，提出你的设计方案。在方案设计时，若有共用管线，应考虑共用管线费用与非共用管线费用相同或不同的情形。,cumcm/question_solutions/2010/C/q01/solution.py,cumcm/question_results/2010/C/q01/result.json,cumcm/question_reports/2010/C/q01/report.md,cumcm/question_artifacts/2010/C/q01/experiment_table.csv,2
2010-C,2010,C,2,问题 2,设计院目前需对一更为复杂的情形进行具体的设计。两炼油厂的具体位置由附图所示，其中A厂位于郊区（图中的I区域），B厂位于城区（图中的II区域），两个区域的分界线用图中的虚线表示。图中各字母表示的距离（单位：千米）分别为a = 5，b = 8，c = 15，l = 20。 若所有管线的铺设费用均为每千米7.2万元。 铺设在城区的管线还需增加拆迁和工程补偿等附加费用，为对此项附加费用进行估计，聘请三家工程咨询公司（其中公司一具有甲级资质，公司二和公司三具有乙级资质）进行了估算。估算结果如下表所示： 工程咨询公司 公司一 公司二 公司三 附加费用（万元/千米） 21 24 20 请为设计院给出管线布置方案及相应的费用。,cumcm/question_solutions/2010/C/q02/solution.py,cumcm/question_results/2010/C/q02/result.json,cumcm/question_reports/2010/C/q02/report.md,cumcm/question_artifacts/2010/C/q02/experiment_table.csv,2
2010-C,2010,C,3,问题 3,在该实际问题中，为进一步节省费用，可以根据炼油厂的生产能力，选用相适应的油管。这时的管线铺设费用将分别降为输送A厂成品油的每千米5.6万元，输送B厂成品油的每千米6.0万元，共用管线费用为每千米7.2万元，拆迁等附加费用同上。请给出管线最佳布置方案及相应的费用。,cumcm/question_solutions/2010/C/q03/solution.py,cumcm/question_results/2010/C/q03/result.json,cumcm/question_reports/2010/C/q03/report.md,cumcm/question_artifacts/2010/C/q03/experiment_table.csv,2
2010-D,2010,D,1,问题 1,附件是四种比较典型的学生宿舍的设计方案。请你们用数学建模的方法就它们的经济性、舒适性和安全性作出综合量化评价和比较,cumcm/question_solutions/2010/D/q01/solution.py,cumcm/question_results/2010/D/q01/result.json,cumcm/question_reports/2010/D/q01/report.md,cumcm/question_artifacts/2010/D/q01/experiment_table.csv,10
2011-A,2011,A,1,问题 1,给出8种主要重金属元素在该城区的空间分布，并分析该城区内不同区域重金属的污染程度。,cumcm/question_solutions/2011/A/q01/solution.py,cumcm/question_results/2011/A/q01/result.json,cumcm/question_reports/2011/A/q01/report.md,cumcm/question_artifacts/2011/A/q01/experiment_table.csv,2
2011-A,2011,A,2,问题 2,通过数据分析，说明重金属污染的主要原因。,cumcm/question_solutions/2011/A/q02/solution.py,cumcm/question_results/2011/A/q02/result.json,cumcm/question_reports/2011/A/q02/report.md,cumcm/question_artifacts/2011/A/q02/experiment_table.csv,2
2011-A,2011,A,3,问题 3,分析重金属污染物的传播特征，由此建立模型，确定污染源的位置。,cumcm/question_solutions/2011/A/q03/solution.py,cumcm/question_results/2011/A/q03/result.json,cumcm/question_reports/2011/A/q03/report.md,cumcm/question_artifacts/2011/A/q03/experiment_table.csv,2
2011-A,2011,A,4,问题 4,分析你所建立模型的优缺点，为更好地研究城市地质环境的演变模式，还应收集什么信息？有了这些信息，如何建立模型解决问题？,cumcm/question_solutions/2011/A/q04/solution.py,cumcm/question_results/2011/A/q04/result.json,cumcm/question_reports/2011/A/q04/report.md,cumcm/question_artifacts/2011/A/q04/experiment_table.csv,2
2011-B,2011,B,1,问题 1,附件1中的附图1给出了该市中心城区A的交通网络和现有的20个交巡警服务平台的设置情况示意图，相关的数据信息见附件2。请为各交巡警服务平台分配管辖范围，使其在所管辖的范围内出现突发事件时，尽量能在3分钟内有交巡警（警车的时速为60km/h）到达事发地。 对于重大突发事件，需要调度全区20个交巡警服务平台的警力资源，对进出该区的13条交通要道实现快速全封锁。实际中一个平台的警力最多封锁一个路口，请给出该区交巡警服务平台警力合理的调度方案。 根据现有交巡警服务平台的工作量不均衡和有些地方出警时间过长的实际情况，拟在该区内再增加2至5个平台，请确定需要增加平台的具体个数和位置。,cumcm/question_solutions/2011/B/q01/solution.py,cumcm/question_results/2011/B/q01/result.json,cumcm/question_reports/2011/B/q01/report.md,cumcm/question_artifacts/2011/B/q01/experiment_table.csv,3
2011-B,2011,B,2,问题 2,针对全市（主城六区A，B，C，D，E，F）的具体情况，按照设置交巡警服务平台的原则和任务，分析研究该市现有交巡警服务平台设置方案（参见附件）的合理性。如果有明显不合理，请给出解决方案。 如果该市地点P（第32个节点）处发生了重大刑事案件，在案发3分钟后接到报警，犯罪嫌疑人已驾车逃跑。为了快速搜捕嫌疑犯，请给出调度全市交巡警服务平台警力资源的最佳围堵方案。 附件1：A区和全市六区交通网络与平台设置的示意图。 附件2：全市六区交通网络与平台设置的相关数据表（共5个工作表）。,cumcm/question_solutions/2011/B/q02/solution.py,cumcm/question_results/2011/B/q02/result.json,cumcm/question_reports/2011/B/q02/report.md,cumcm/question_artifacts/2011/B/q02/experiment_table.csv,3
2011-C,2011,C,1,问题一,对未来中国经济发展和工资增长的形势做出你认为是简化、合理的假设，并参考附件1，预测从2011年至2035年的山东省职工的年平均工资。,cumcm/question_solutions/2011/C/q01/solution.py,cumcm/question_results/2011/C/q01/result.json,cumcm/question_reports/2011/C/q01/report.md,cumcm/question_artifacts/2011/C/q01/experiment_table.csv,4
2011-C,2011,C,2,问题二,根据附件2计算2009年该企业各年龄段职工工资与该企业平均工资之比。如果把这些比值看作职工缴费指数的参考值，考虑该企业职工自2000年起分别从30岁、40岁开始缴养老保险，一直缴费到退休（55岁，60岁，65岁），计算各种情况下的养老金替代率。,cumcm/question_solutions/2011/C/q02/solution.py,cumcm/question_results/2011/C/q02/result.json,cumcm/question_reports/2011/C/q02/report.md,cumcm/question_artifacts/2011/C/q02/experiment_table.csv,4
2011-C,2011,C,3,问题三,假设该企业某职工自 2000年起从30岁开始缴养老保险，一直缴费到退休（55岁，60岁，65岁），并从退休后一直领取养老金，至75岁死亡。计算养老保险基金的缺口情况，并计算该职工领取养老金到多少岁时，其缴存的养老保险基金与其领取的养老金之间达到收支平衡。,cumcm/question_solutions/2011/C/q03/solution.py,cumcm/question_results/2011/C/q03/result.json,cumcm/question_reports/2011/C/q03/report.md,cumcm/question_artifacts/2011/C/q03/experiment_table.csv,4
2011-C,2011,C,4,问题四,如果既要达到目标替代率，又要维持养老保险基金收支平衡，你认为可以采取什么措施。请给出你的理由。,cumcm/question_solutions/2011/C/q04/solution.py,cumcm/question_results/2011/C/q04/result.json,cumcm/question_reports/2011/C/q04/report.md,cumcm/question_artifacts/2011/C/q04/experiment_table.csv,4
2011-D,2011,D,1,问题 1,对于给定的一批原料，装出的成品捆数越多越好；,cumcm/question_solutions/2011/D/q01/solution.py,cumcm/question_results/2011/D/q01/result.json,cumcm/question_reports/2011/D/q01/report.md,cumcm/question_artifacts/2011/D/q01/experiment_table.csv,1
2011-D,2011,D,2,问题 2,对于成品捆数相同的方案，最短长度最长的成品越多，方案越好；,cumcm/question_solutions/2011/D/q02/solution.py,cumcm/question_results/2011/D/q02/result.json,cumcm/question_reports/2011/D/q02/report.md,cumcm/question_artifacts/2011/D/q02/experiment_table.csv,1
2011-D,2011,D,3,问题 3,为提高原料使用率，总长度允许有± 0.5米的误差，总根数允许比标准少1根；,cumcm/question_solutions/2011/D/q03/solution.py,cumcm/question_results/2011/D/q03/result.json,cumcm/question_reports/2011/D/q03/report.md,cumcm/question_artifacts/2011/D/q03/experiment_table.csv,1
2011-D,2011,D,4,问题 4,某种规格对应原料如果出现剩余，可以降级使用。如长度为14米的原料可以和长度介于7-13.5米的进行捆扎，成品属于7-13.5米的规格；,cumcm/question_solutions/2011/D/q04/solution.py,cumcm/question_results/2011/D/q04/result.json,cumcm/question_reports/2011/D/q04/report.md,cumcm/question_artifacts/2011/D/q04/experiment_table.csv,1
2011-D,2011,D,5,问题 5,"为了食品保鲜,要求在30分钟内产生方案。 请建立上述问题的数学模型，给出求解方法，并对表1、表2给出的实际数据进行求解，给出搭配方案。",cumcm/question_solutions/2011/D/q05/solution.py,cumcm/question_results/2011/D/q05/result.json,cumcm/question_reports/2011/D/q05/report.md,cumcm/question_artifacts/2011/D/q05/experiment_table.csv,1
2014-A,2014,A,1,问题 1,确定着陆准备轨道近月点和远月点的位置，以及嫦娥三号相应速度的大小与方向。,cumcm/question_solutions/2014/A/q01/solution.py,cumcm/question_results/2014/A/q01/result.json,cumcm/question_reports/2014/A/q01/report.md,cumcm/question_artifacts/2014/A/q01/experiment_table.csv,10
2014-A,2014,A,2,问题 2,确定嫦娥三号的着陆轨道和在6个阶段的最优控制策略。,cumcm/question_solutions/2014/A/q02/solution.py,cumcm/question_results/2014/A/q02/result.json,cumcm/question_reports/2014/A/q02/report.md,cumcm/question_artifacts/2014/A/q02/experiment_table.csv,10
2014-A,2014,A,3,问题 3,对于你们设计的着陆轨道和控制策略做相应的误差分析和敏感性分析。 附件1： 问题的背景与参考资料； 附件2： 嫦娥三号着陆过程的六个阶段及其状态要求； 附件3：距月面2400m处的数字高程图； 附件4：距月面100m处的数字高程图。,cumcm/question_solutions/2014/A/q03/solution.py,cumcm/question_results/2014/A/q03/result.json,cumcm/question_reports/2014/A/q03/report.md,cumcm/question_artifacts/2014/A/q03/experiment_table.csv,10
2014-B,2014,B,1,问题 1,给定长方形平板尺寸为120 cm × 50 cm × 3 cm，每根木条宽2.5 cm，连接桌腿木条的钢筋固定在桌腿最外侧木条的中心位置，折叠后桌子的高度为53 cm。试建立模型描述此折叠桌的动态变化过程，在此基础上给出此折叠桌的设计加工参数（例如，桌腿木条开槽的长度等）和桌脚边缘线（图4中红色曲线）的数学描述。,cumcm/question_solutions/2014/B/q01/solution.py,cumcm/question_results/2014/B/q01/result.json,cumcm/question_reports/2014/B/q01/report.md,cumcm/question_artifacts/2014/B/q01/experiment_table.csv,4
2014-B,2014,B,2,问题 2,折叠桌的设计应做到产品稳固性好、加工方便、用材最少。对于任意给定的折叠桌高度和圆形桌面直径的设计要求，讨论长方形平板材料和折叠桌的最优设计加工参数，例如，平板尺寸、钢筋位置、开槽长度等。对于桌高70 cm，桌面直径80 cm的情形，确定最优设计加工参数。,cumcm/question_solutions/2014/B/q02/solution.py,cumcm/question_results/2014/B/q02/result.json,cumcm/question_reports/2014/B/q02/report.md,cumcm/question_artifacts/2014/B/q02/experiment_table.csv,4
2014-B,2014,B,3,问题 3,公司计划开发一种折叠桌设计软件，根据客户任意设定的折叠桌高度、桌面边缘线的形状大小和桌脚边缘线的大致形状，给出所需平板材料的形状尺寸和切实可行的最优设计加工参数，使得生产的折叠桌尽可能接近客户所期望的形状。你们团队的任务是帮助给出这一软件设计的数学模型，并根据所建立的模型给出几个你们自己设计的创意平板折叠桌。要求给出相应的设计加工参数，画出至少8张动态变化过程的示意图。,cumcm/question_solutions/2014/B/q03/solution.py,cumcm/question_results/2014/B/q03/result.json,cumcm/question_reports/2014/B/q03/report.md,cumcm/question_artifacts/2014/B/q03/experiment_table.csv,4
2014-C,2014,C,1,问题 1,已知从母猪配种到所产的猪仔长成肉猪出栏需要约9个月时间。假设该养猪场估计9个月后三年内生猪价格变化的预测曲线如图2所示，请根据此价格预测确定该养猪场的最佳经营策略，计算这三年内的平均年利润，并给出在此策略下的母猪及肉猪存栏数曲线,cumcm/question_solutions/2014/C/q01/solution.py,cumcm/question_results/2014/C/q01/result.json,cumcm/question_reports/2014/C/q01/report.md,cumcm/question_artifacts/2014/C/q01/experiment_table.csv,2
2014-D,2014,D,1,问题 1,药房内的盒装药品种类繁多，药盒尺寸规格差异较大，附件1中给出了一些药盒的规格。请利用附件1的数据，给出竖向隔板间距类型最少的储药柜设计方案，包括类型的数量和每种类型所对应的药盒规格。,cumcm/question_solutions/2014/D/q01/solution.py,cumcm/question_results/2014/D/q01/result.json,cumcm/question_reports/2014/D/q01/report.md,cumcm/question_artifacts/2014/D/q01/experiment_table.csv,6
2014-D,2014,D,2,问题 2,药盒与两侧竖向隔板之间的间隙超出2mm的部分可视为宽度冗余。增加竖向隔板的间距类型数量可以有效地减少宽度冗余，但会增加储药柜的加工成本，同时降低了储药槽的适应能力。设计时希望总宽度冗余尽可能小，同时也希望间距的类型数量尽可能少。仍利用附件1的数据，给出合理的竖向隔板间距类型的数量以及每种类型对应的药品编号。,cumcm/question_solutions/2014/D/q02/solution.py,cumcm/question_results/2014/D/q02/result.json,cumcm/question_reports/2014/D/q02/report.md,cumcm/question_artifacts/2014/D/q02/experiment_table.csv,6
2014-D,2014,D,3,问题 3,考虑补药的便利性，储药柜的宽度不超过2.5m、高度不超过2m，传送装置占用的高度为0.5m，即储药柜的最大允许有效高度为1.5m。药盒与两层横向隔板之间的间隙超出2mm的部分可视为高度冗余，平面冗余＝高度冗余×宽度冗余。在问题2计算结果的基础上，确定储药柜横向隔板间距的类型数量，使得储药柜的总平面冗余量尽可能地小，且横向隔板间距的类型数量也尽可能地少。,cumcm/question_solutions/2014/D/q03/solution.py,cumcm/question_results/2014/D/q03/result.json,cumcm/question_reports/2014/D/q03/report.md,cumcm/question_artifacts/2014/D/q03/experiment_table.csv,6
2014-D,2014,D,4,问题 4,附件2给出了每一种药品编号对应的最大日需求量。在储药槽的长度为1.5m、每天仅集中补药一次的情况下，请计算每一种药品需要的储药槽个数。为保证药房储药满足需求，根据问题3中单个储药柜的规格，计算最少需要多少个储药柜。,cumcm/question_solutions/2014/D/q04/solution.py,cumcm/question_results/2014/D/q04/result.json,cumcm/question_reports/2014/D/q04/report.md,cumcm/question_artifacts/2014/D/q04/experiment_table.csv,6
2015-A,2015,A,1,问题 1,"建立影子长度变化的数学模型，分析影子长度关于各个参数的变化规律，并应用你们建立的模型画出2015年10月22日北京时间9:00-15:00之间天安门广场（北纬39度54分26秒,东经116度23分29秒）3米高的直杆的太阳影子长度的变化曲线。",cumcm/question_solutions/2015/A/q01/solution.py,cumcm/question_results/2015/A/q01/result.json,cumcm/question_reports/2015/A/q01/report.md,cumcm/question_artifacts/2015/A/q01/experiment_table.csv,6
2015-A,2015,A,2,问题 2,根据某固定直杆在水平地面上的太阳影子顶点坐标数据，建立数学模型确定直杆所处的地点。将你们的模型应用于附件1的影子顶点坐标数据，给出若干个可能的地点。,cumcm/question_solutions/2015/A/q02/solution.py,cumcm/question_results/2015/A/q02/result.json,cumcm/question_reports/2015/A/q02/report.md,cumcm/question_artifacts/2015/A/q02/experiment_table.csv,6
2015-A,2015,A,3,问题 3,根据某固定直杆在水平地面上的太阳影子顶点坐标数据，建立数学模型确定直杆所处的地点和日期。将你们的模型分别应用于附件2和附件3的影子顶点坐标数据，给出若干个可能的地点与日期。,cumcm/question_solutions/2015/A/q03/solution.py,cumcm/question_results/2015/A/q03/result.json,cumcm/question_reports/2015/A/q03/report.md,cumcm/question_artifacts/2015/A/q03/experiment_table.csv,6
2015-A,2015,A,4,问题 4,附件4为一根直杆在太阳下的影子变化的视频，并且已通过某种方式估计出直杆的高度为2米。请建立确定视频拍摄地点的数学模型，并应用你们的模型给出若干个可能的拍摄地点。 如果拍摄日期未知，你能否根据视频确定出拍摄地点与日期？,cumcm/question_solutions/2015/A/q04/solution.py,cumcm/question_results/2015/A/q04/result.json,cumcm/question_reports/2015/A/q04/report.md,cumcm/question_artifacts/2015/A/q04/experiment_table.csv,6
2015-B,2015,B,1,问题 1,试建立合理的指标，并分析不同时空出租车资源的“供求匹配”程度。,cumcm/question_solutions/2015/B/q01/solution.py,cumcm/question_results/2015/B/q01/result.json,cumcm/question_reports/2015/B/q01/report.md,cumcm/question_artifacts/2015/B/q01/experiment_table.csv,2
2015-B,2015,B,2,问题 2,分析各公司的出租车补贴方案是否对“缓解打车难”有帮助？,cumcm/question_solutions/2015/B/q02/solution.py,cumcm/question_results/2015/B/q02/result.json,cumcm/question_reports/2015/B/q02/report.md,cumcm/question_artifacts/2015/B/q02/experiment_table.csv,2
2015-B,2015,B,3,问题 3,如果要创建一个新的打车软件服务平台，你们将设计什么样的补贴方案，并论证其合理性。,cumcm/question_solutions/2015/B/q03/solution.py,cumcm/question_results/2015/B/q03/result.json,cumcm/question_reports/2015/B/q03/report.md,cumcm/question_artifacts/2015/B/q03/experiment_table.csv,2
2015-C,2015,C,1,问题 1,根据所建立的模型，分析2016年北京地区“月上柳梢头，人约黄昏后”发生的日期与时间。根据模型判断2016年在哈尔滨、上海、广州、昆明、成都、乌鲁木齐是否能发生这一情景？如果能，请给出相应的日期与时间；如果不能，请给出原因,cumcm/question_solutions/2015/C/q01/solution.py,cumcm/question_results/2015/C/q01/result.json,cumcm/question_reports/2015/C/q01/report.md,cumcm/question_artifacts/2015/C/q01/experiment_table.csv,2
2015-D,2015,D,1,问题 1,为了信息公开及民主决策，需要将这个众筹筑屋项目原方案（称作方案Ⅰ）的成本与收益、容积率和增值税等信息进行公布。请你们建立模型对方案I进行全面的核算，帮助其公布相关信息,cumcm/question_solutions/2015/D/q01/solution.py,cumcm/question_results/2015/D/q01/result.json,cumcm/question_reports/2015/D/q01/report.md,cumcm/question_artifacts/2015/D/q01/experiment_table.csv,8
2015-D,2015,D,2,问题 2,通过对参筹者进行抽样调查，得到了参筹者对11种房型购买意愿的比例（见附件1）。为了尽量满足参筹者的购买意愿，请你重新设计建设规划方案（称为方案Ⅱ），并对方案II进行核算,cumcm/question_solutions/2015/D/q02/solution.py,cumcm/question_results/2015/D/q02/result.json,cumcm/question_reports/2015/D/q02/report.md,cumcm/question_artifacts/2015/D/q02/experiment_table.csv,8
2015-D,2015,D,3,问题 3,一般而言，投资回报率达到25%以上的众筹项目才会被成功执行。你们所给出的众筹筑屋方案Ⅱ能否被成功执行？如果能，请说明理由。如果不能，应怎样调整才能使此众筹筑屋项目能被成功执行？,cumcm/question_solutions/2015/D/q03/solution.py,cumcm/question_results/2015/D/q03/result.json,cumcm/question_reports/2015/D/q03/report.md,cumcm/question_artifacts/2015/D/q03/experiment_table.csv,8
2016-A,2016,A,1,问题1,某型传输节点选用II型电焊锚链22.05m，选用的重物球的质量为1200kg。现将该型传输节点布放在水深18m、海床平坦、海水密度为1.025×103kg/m3的海域。若海水静止，分别计算海面风速为12m/s和24m/s时钢桶和各节钢管的倾斜角度、锚链形状、浮标的吃水深度和游动区域。,cumcm/question_solutions/2016/A/q01/solution.py,cumcm/question_results/2016/A/q01/result.json,cumcm/question_reports/2016/A/q01/report.md,cumcm/question_artifacts/2016/A/q01/experiment_table.csv,8
2016-A,2016,A,2,问题2,在问题1的假设下，计算海面风速为36m/s时钢桶和各节钢管的倾斜角度、锚链形状和浮标的游动区域。请调节重物球的质量，使得钢桶的倾斜角度不超过5度，锚链在锚点与海床的夹角不超过16度。,cumcm/question_solutions/2016/A/q02/solution.py,cumcm/question_results/2016/A/q02/result.json,cumcm/question_reports/2016/A/q02/report.md,cumcm/question_artifacts/2016/A/q02/experiment_table.csv,8
2016-A,2016,A,3,问题3,由于潮汐等因素的影响，布放海域的实测水深介于16m~20m之间。布放点的海水速度最大可达到1.5m/s、风速最大可达到36m/s。请给出考虑风力、水流力和水深情况下的系泊系统设计，分析不同情况下钢桶、钢管的倾斜角度、锚链形状、浮标的吃水深度和游动区域。 说明 近海风荷载可通过近似公式F=0.625×Sv2(N) QUOTE \* MERGEFORMAT 计算，其中S为物体在风向法平面的投影面积(m2)，v为风速(m/s）。近海水流力可通过近似公式F=374×Sv2(N)计算，其中S为物体在水流速度法平面的投影面积(m2)，v为水流速度(m/s）。 附表 锚链型号和参数表 型号 长度(mm) 单位长度的质量(kg/m) I 78 3.2 II 105 7 III 120 12.5 IV 150 19.5 V 180 28.12 表注：长度是指每节链环的长度。,cumcm/question_solutions/2016/A/q03/solution.py,cumcm/question_results/2016/A/q03/result.json,cumcm/question_reports/2016/A/q03/report.md,cumcm/question_artifacts/2016/A/q03/experiment_table.csv,8
2016-B,2016,B,1,问题 1,请选取合适的评价指标体系，用以评价小区开放对周边道路通行的影响。,cumcm/question_solutions/2016/B/q01/solution.py,cumcm/question_results/2016/B/q01/result.json,cumcm/question_reports/2016/B/q01/report.md,cumcm/question_artifacts/2016/B/q01/experiment_table.csv,0
2016-B,2016,B,2,问题 2,请建立关于车辆通行的数学模型，用以研究小区开放对周边道路通行的影响。,cumcm/question_solutions/2016/B/q02/solution.py,cumcm/question_results/2016/B/q02/result.json,cumcm/question_reports/2016/B/q02/report.md,cumcm/question_artifacts/2016/B/q02/experiment_table.csv,0
2016-B,2016,B,3,问题 3,小区开放产生的效果，可能会与小区结构及周边道路结构、车流量有关。请选取或构建不同类型的小区，应用你们建立的模型，定量比较各类型小区开放前后对道路通行的影响。,cumcm/question_solutions/2016/B/q03/solution.py,cumcm/question_results/2016/B/q03/result.json,cumcm/question_reports/2016/B/q03/report.md,cumcm/question_artifacts/2016/B/q03/experiment_table.csv,0
2016-B,2016,B,4,问题 4,根据你们的研究结果，从交通通行的角度，向城市规划和交通管理部门提出你们关于小区开放的合理化建议。,cumcm/question_solutions/2016/B/q04/solution.py,cumcm/question_results/2016/B/q04/result.json,cumcm/question_reports/2016/B/q04/report.md,cumcm/question_artifacts/2016/B/q04/experiment_table.csv,0
2016-C,2016,C,1,问题1,附件1是同一生产批次电池出厂时以不同电流强度放电测试的完整放电曲线的采样数据。请根据附件1用初等函数表示各放电曲线，并分别给出各放电曲线的平均相对误差（MRE，定义见附件1）。如果在新电池使用中，分别以30A、40A、50A、60A和70A电流强度放电，测得电压都为9.8伏时，根据你获得的模型，电池的剩余放电时间分别是多少？,cumcm/question_solutions/2016/C/q01/solution.py,cumcm/question_results/2016/C/q01/result.json,cumcm/question_reports/2016/C/q01/report.md,cumcm/question_artifacts/2016/C/q01/experiment_table.csv,2
2016-C,2016,C,2,问题2,试建立以20A到100A之间任一恒定电流强度放电时的放电曲线的数学模型，并用MRE评估模型的精度。用表格和图形给出电流强度为55A时的放电曲线。,cumcm/question_solutions/2016/C/q02/solution.py,cumcm/question_results/2016/C/q02/result.json,cumcm/question_reports/2016/C/q02/report.md,cumcm/question_artifacts/2016/C/q02/experiment_table.csv,2
2016-C,2016,C,3,问题3,附件2是同一电池在不同衰减状态下以同一电流强度从充满电开始放电的记录数据。试预测附件2中电池衰减状态3的剩余放电时间。,cumcm/question_solutions/2016/C/q03/solution.py,cumcm/question_results/2016/C/q03/result.json,cumcm/question_reports/2016/C/q03/report.md,cumcm/question_artifacts/2016/C/q03/experiment_table.csv,2
2016-D,2016,D,1,问题 1,附件1给出了该风电场一年内每隔15分钟的各风机安装处的平均风速和风电场日实际输出功率。试利用这些数据对该风电场的风能资源及其利用情况进行评估。,cumcm/question_solutions/2016/D/q01/solution.py,cumcm/question_results/2016/D/q01/result.json,cumcm/question_reports/2016/D/q01/report.md,cumcm/question_artifacts/2016/D/q01/experiment_table.csv,27
2016-D,2016,D,2,问题 2,附件2给出了该风电场几个典型风机所在处的风速信息，其中4#、16#、24#风机属于一期工程，33#、49#、57#风机属于二期工程，它们的主要参数见附件3。风机生产企业还提供了部分新型号风机，它们的主要参数见附件4。试从风能资源与风机匹配角度判断新型号风机是否比现有风机更为适合。,cumcm/question_solutions/2016/D/q02/solution.py,cumcm/question_results/2016/D/q02/result.json,cumcm/question_reports/2016/D/q02/report.md,cumcm/question_artifacts/2016/D/q02/experiment_table.csv,27
2016-D,2016,D,3,问题 3,为安全生产需要，风机每年需进行两次停机维护，两次维护之间的连续工作时间不超过270天，每次维护需一组维修人员连续工作2天。同时风电场每天需有一组维修人员值班以应对突发情况。风电场现有4组维修人员可从事值班或维护工作，每组维修人员连续工作时间（值班或维护）不超过6天。请制定维修人员的排班方案与风机维护计划，使各组维修人员的工作任务相对均衡，且风电场具有较好的经济效益，试给出你的方法和结果。 附件1 平均风速和风电场日实际输出功率表。 附件2 风电场典型风机报表。 附件3 风电场风机型号及其参数。 附件4 风机生产企业提供的新型号风机主要参数。,cumcm/question_solutions/2016/D/q03/solution.py,cumcm/question_results/2016/D/q03/result.json,cumcm/question_reports/2016/D/q03/report.md,cumcm/question_artifacts/2016/D/q03/experiment_table.csv,27
2017-A,2017,A,1,问题 1,在正方形托盘上放置两个均匀固体介质组成的标定模板，模板的几何信息如图2所示，相应的数据文件见附件1，其中每一点的数值反映了该点的吸收强度，这里称为“吸收率”。对应于该模板的接收信息见附件2。请根据这一模板及其接收信息，确定CT系统旋转中心在正方形托盘中的位置、探测器单元之间的距离以及该CT系统使用的X射线的180个方向。,cumcm/question_solutions/2017/A/q01/solution.py,cumcm/question_results/2017/A/q01/result.json,cumcm/question_reports/2017/A/q01/report.md,cumcm/question_artifacts/2017/A/q01/experiment_table.csv,2
2017-A,2017,A,2,问题 2,附件3是利用上述CT系统得到的某未知介质的接收信息。利用(1)中得到的标定参数，确定该未知介质在正方形托盘中的位置、几何形状和吸收率等信息。另外，请具体给出图3所给的10个位置处的吸收率，相应的数据文件见附件4。,cumcm/question_solutions/2017/A/q02/solution.py,cumcm/question_results/2017/A/q02/result.json,cumcm/question_reports/2017/A/q02/report.md,cumcm/question_artifacts/2017/A/q02/experiment_table.csv,2
2017-A,2017,A,3,问题 3,附件5是利用上述CT系统得到的另一个未知介质的接收信息。利用(1)中得到的标定参数，给出该未知介质的相关信息。另外，请具体给出图3所给的10个位置处的吸收率。,cumcm/question_solutions/2017/A/q03/solution.py,cumcm/question_results/2017/A/q03/result.json,cumcm/question_reports/2017/A/q03/report.md,cumcm/question_artifacts/2017/A/q03/experiment_table.csv,2
2017-A,2017,A,4,问题 4,分析(1)中参数标定的精度和稳定性。在此基础上自行设计新模板、建立对应的标定模型，以改进标定精度和稳定性，并说明理由。,cumcm/question_solutions/2017/A/q04/solution.py,cumcm/question_results/2017/A/q04/result.json,cumcm/question_reports/2017/A/q04/report.md,cumcm/question_artifacts/2017/A/q04/experiment_table.csv,2
2017-A,2017,A,5,问题 1,-(4)中的所有数值结果均保留4位小数。同时提供(2)和(3)重建得到的介质吸收率的数据文件（大小为256×256，格式同附件1，文件名分别为problem2.xls和problem3.xls）,cumcm/question_solutions/2017/A/q05/solution.py,cumcm/question_results/2017/A/q05/result.json,cumcm/question_reports/2017/A/q05/report.md,cumcm/question_artifacts/2017/A/q05/experiment_table.csv,2
2017-B,2017,B,1,问题 1,附件二是会员信息数据，包含了会员的位置、信誉值、参考其信誉给出的任务开始预订时间和预订限额，原则上会员信誉越高，越优先开始挑选任务，其配额也就越大（任务分配时实际上是根据预订限额所占比例进行配发）,cumcm/question_solutions/2017/B/q01/solution.py,cumcm/question_results/2017/B/q01/result.json,cumcm/question_reports/2017/B/q01/report.md,cumcm/question_artifacts/2017/B/q01/experiment_table.csv,4
2017-B,2017,B,2,问题 2,请完成下面的问题： 研究附件一中项目的任务定价规律，分析任务未完成的原因,cumcm/question_solutions/2017/B/q02/solution.py,cumcm/question_results/2017/B/q02/result.json,cumcm/question_reports/2017/B/q02/report.md,cumcm/question_artifacts/2017/B/q02/experiment_table.csv,4
2017-B,2017,B,3,问题 3,为附件一中的项目设计新的任务定价方案，并和原方案进行比较,cumcm/question_solutions/2017/B/q03/solution.py,cumcm/question_results/2017/B/q03/result.json,cumcm/question_reports/2017/B/q03/report.md,cumcm/question_artifacts/2017/B/q03/experiment_table.csv,4
2017-B,2017,B,4,问题 4,实际情况下，多个任务可能因为位置比较集中，导致用户会争相选择，一种考虑是将这些任务联合在一起打包发布,cumcm/question_solutions/2017/B/q04/solution.py,cumcm/question_results/2017/B/q04/result.json,cumcm/question_reports/2017/B/q04/report.md,cumcm/question_artifacts/2017/B/q04/experiment_table.csv,4
2017-B,2017,B,5,问题 5,对附件三中的新项目给出你的任务定价方案，并评价该方案的实施效果,cumcm/question_solutions/2017/B/q05/solution.py,cumcm/question_results/2017/B/q05/result.json,cumcm/question_reports/2017/B/q05/report.md,cumcm/question_artifacts/2017/B/q05/experiment_table.csv,4
2017-C,2017,C,1,问题 1,附件Data1.xls中分别给出了5种物质在不同浓度下的颜色读数，讨论从这5组数据中能否确定颜色读数和物质浓度之间的关系，并给出一些准则来评价这5组数据的优劣,cumcm/question_solutions/2017/C/q01/solution.py,cumcm/question_results/2017/C/q01/result.json,cumcm/question_reports/2017/C/q01/report.md,cumcm/question_artifacts/2017/C/q01/experiment_table.csv,4
2017-C,2017,C,2,问题 2,对附件Data2.xls中的数据，建立颜色读数和物质浓度的数学模型，并给出模型的误差分析,cumcm/question_solutions/2017/C/q02/solution.py,cumcm/question_results/2017/C/q02/result.json,cumcm/question_reports/2017/C/q02/report.md,cumcm/question_artifacts/2017/C/q02/experiment_table.csv,4
2017-D,2017,D,1,问题1,如果采用固定上班时间，不考虑巡检人员的休息时间，采用每天三班倒，每班工作8小时左右，每班需要多少人，巡检线路如何安排，并给出巡检人员的巡检线路和巡检的时间表。,cumcm/question_solutions/2017/D/q01/solution.py,cumcm/question_results/2017/D/q01/result.json,cumcm/question_reports/2017/D/q01/report.md,cumcm/question_artifacts/2017/D/q01/experiment_table.csv,2
2017-D,2017,D,2,问题2,如果巡检人员每巡检2小时左右需要休息一次，休息时间大约是5到10分钟，在中午12时和下午6时左右需要进餐一次，每次进餐时间为30分钟，仍采用每天三班倒，每班需要多少人，巡检线路如何安排，并给出巡检人员的巡检线路和巡检的时间表。,cumcm/question_solutions/2017/D/q02/solution.py,cumcm/question_results/2017/D/q02/result.json,cumcm/question_reports/2017/D/q02/report.md,cumcm/question_artifacts/2017/D/q02/experiment_table.csv,2
2017-D,2017,D,3,问题3,如果采用错时上班，重新讨论问题1和问题2，试分析错时上班是否更节省人力。,cumcm/question_solutions/2017/D/q03/solution.py,cumcm/question_results/2017/D/q03/result.json,cumcm/question_reports/2017/D/q03/report.md,cumcm/question_artifacts/2017/D/q03/experiment_table.csv,2
2018-A,2018,A,1,问题 2,当环境温度为65ºC、IV层的厚度为5.5 mm时，确定II层的最优厚度，确保工作60分钟时，假人皮肤外侧温度不超过47ºC，且超过44ºC的时间不超过5分钟。,cumcm/question_solutions/2018/A/q01/solution.py,cumcm/question_results/2018/A/q01/result.json,cumcm/question_reports/2018/A/q01/report.md,cumcm/question_artifacts/2018/A/q01/experiment_table.csv,2
2018-A,2018,A,2,问题 3,当环境温度为80时，确定II层和IV层的最优厚度，确保工作30分钟时，假人皮肤外侧温度不超过47ºC，且超过44ºC的时间不超过5分钟。 附件1. 专用服装材料的参数值 附件2. 假人皮肤外侧的测量温度,cumcm/question_solutions/2018/A/q02/solution.py,cumcm/question_results/2018/A/q02/result.json,cumcm/question_reports/2018/A/q02/report.md,cumcm/question_artifacts/2018/A/q02/experiment_table.csv,2
2018-B,2018,B,1,问题 1,一道工序的物料加工作业情况，每台CNC安装同样的刀具，物料可以在任一台CNC上加工完成；,cumcm/question_solutions/2018/B/q01/solution.py,cumcm/question_results/2018/B/q01/result.json,cumcm/question_reports/2018/B/q01/report.md,cumcm/question_artifacts/2018/B/q01/experiment_table.csv,7
2018-B,2018,B,2,问题 2,两道工序的物料加工作业情况，每个物料的第一和第二道工序分别由两台不同的CNC依次加工完成；,cumcm/question_solutions/2018/B/q02/solution.py,cumcm/question_results/2018/B/q02/result.json,cumcm/question_reports/2018/B/q02/report.md,cumcm/question_artifacts/2018/B/q02/experiment_table.csv,7
2018-B,2018,B,3,问题 3,CNC在加工过程中可能发生故障（据统计：故障的发生概率约为1%）的情况，每次故障排除（人工处理，未完成的物料报废）时间介于10~20分钟之间，故障排除后即刻加入作业序列。要求分别考虑一道工序和两道工序的物料加工作业情况。 请你们团队完成下列两项任务： 任务1：对一般问题进行研究，给出RGV动态调度模型和相应的求解算法； 任务2：利用表1中系统作业参数的3组数据分别检验模型的实用性和算法的有效性，给出RGV的调度策略和系统的作业效率，并将具体的结果分别填入附件2的EXCEL表中。,cumcm/question_solutions/2018/B/q03/solution.py,cumcm/question_results/2018/B/q03/result.json,cumcm/question_reports/2018/B/q03/report.md,cumcm/question_artifacts/2018/B/q03/experiment_table.csv,7
2018-C,2018,C,1,问题 1,分析该商场会员的消费特征，比较会员与非会员群体的差异，并说明会员群体给商场带来的价值。,cumcm/question_solutions/2018/C/q01/solution.py,cumcm/question_results/2018/C/q01/result.json,cumcm/question_reports/2018/C/q01/report.md,cumcm/question_artifacts/2018/C/q01/experiment_table.csv,2
2018-C,2018,C,2,问题 2,针对会员的消费情况建立能够刻画每一位会员购买力的数学模型，以便能够对每个会员的价值进行识别。,cumcm/question_solutions/2018/C/q02/solution.py,cumcm/question_results/2018/C/q02/result.json,cumcm/question_reports/2018/C/q02/report.md,cumcm/question_artifacts/2018/C/q02/experiment_table.csv,2
2018-C,2018,C,3,问题 3,"作为零售行业的重要资源，会员具有生命周期(会员从入会到退出的整个过程),会员的状态（比如活跃和非活跃）也会发生变化。试在某个时间窗口，建立会员生命周期和状态划分的数学模型，使商场管理者能够更有效地对会员进行管理。",cumcm/question_solutions/2018/C/q03/solution.py,cumcm/question_results/2018/C/q03/result.json,cumcm/question_reports/2018/C/q03/report.md,cumcm/question_artifacts/2018/C/q03/experiment_table.csv,2
2018-C,2018,C,4,问题 4,建立数学模型计算会员生命周期中非活跃会员的激活率，即从非活跃会员转化为活跃会员的可能性，并从实际销售数据出发，确定激活率和商场促销活动之间的关系模型。,cumcm/question_solutions/2018/C/q04/solution.py,cumcm/question_results/2018/C/q04/result.json,cumcm/question_reports/2018/C/q04/report.md,cumcm/question_artifacts/2018/C/q04/experiment_table.csv,2
2018-C,2018,C,5,问题 5,连带消费是购物中心经营的核心，如果商家将策划某次促销活动，如何根据会员的喜好和商品的连带率来策划此次促销活动？,cumcm/question_solutions/2018/C/q05/solution.py,cumcm/question_results/2018/C/q05/result.json,cumcm/question_reports/2018/C/q05/report.md,cumcm/question_artifacts/2018/C/q05/experiment_table.csv,2
2018-D,2018,D,1,问题 一,问题背景 某汽车公司生产多种型号的汽车，每种型号由品牌、配置、动力、驱动、颜色5种属性确定。品牌分为A1和A2两种，配置分为B1、B2、B3、B4、B5和B6六种，动力分为汽油和柴油2种，驱动分为两驱和四驱2种，颜色分为黑、白、蓝、黄、红、银、棕、灰、金9种。 公司每天可装配各种型号的汽车460辆，其中白班、晚班（每班12小时）各230辆。每天生产各种型号车辆的具体数量根据市场需求和销售情况确定。附件给出了该企业2018年9月17日至9月23日一周的生产计划。 公司的装配流程如图1所示。待装配车辆按一定顺序排成一列，首先匀速通过总装线依次进行总装作业，随后按序分为C1、C2线进行喷涂作业。,cumcm/question_solutions/2018/D/q01/solution.py,cumcm/question_results/2018/D/q01/result.json,cumcm/question_reports/2018/D/q01/report.md,cumcm/question_artifacts/2018/D/q01/experiment_table.csv,2
2018-D,2018,D,2,问题 二,装配要求 由于工艺流程的制约和质量控制的需要以及降低成本的考虑，总装和喷涂作业对经过生产线车辆型号有多种要求：,cumcm/question_solutions/2018/D/q02/solution.py,cumcm/question_results/2018/D/q02/result.json,cumcm/question_reports/2018/D/q02/report.md,cumcm/question_artifacts/2018/D/q02/experiment_table.csv,2
2018-D,2018,D,3,问题 1,每天白班和晚班都是按照先A1后A2的品牌顺序，装配当天两种品牌各一半数量的汽车。如9月17日需装配的A1和A2的汽车分别为364和96辆，则该日每班首先装配182辆A1汽车，随后装配48辆A2汽车。,cumcm/question_solutions/2018/D/q03/solution.py,cumcm/question_results/2018/D/q03/result.json,cumcm/question_reports/2018/D/q03/report.md,cumcm/question_artifacts/2018/D/q03/experiment_table.csv,2
2018-D,2018,D,4,问题 2,四驱汽车连续装配数量不得超过2辆，两批四驱汽车之间间隔的两驱汽车的数量至少是10辆；柴油汽车连续装配数量不得超过2辆，两批柴油汽车之间间隔的汽油汽车的数量至少10辆。若间隔数量无法满足要求，仍希望间隔数量越多越好。间隔数量在5-9辆仍是可以接受的，但代价很高。,cumcm/question_solutions/2018/D/q04/solution.py,cumcm/question_results/2018/D/q04/result.json,cumcm/question_reports/2018/D/q04/report.md,cumcm/question_artifacts/2018/D/q04/experiment_table.csv,2
2018-D,2018,D,5,问题 3,同一品牌下相同配置车辆尽量连续，减少不同配置车辆之间的切换次数。,cumcm/question_solutions/2018/D/q05/solution.py,cumcm/question_results/2018/D/q05/result.json,cumcm/question_reports/2018/D/q05/report.md,cumcm/question_artifacts/2018/D/q05/experiment_table.csv,2
2018-D,2018,D,6,问题 4,对于颜色有如下要求： 1）蓝、黄、红三种颜色汽车的喷涂只能在C1线上进行，金色汽车的喷涂只能在C2线上进行，其他颜色汽车的喷涂可以在C1和C2任意一条喷涂线上进行。 2）除黑、白两种颜色外，在同一条喷涂线上，同种颜色的汽车应尽量连续喷涂作业。 3）喷涂线上不同颜色汽车之间的切换次数尽可能少，特别地，黑色汽车与其它颜色的汽车之间的切换代价很高。 4）不同颜色汽车在总装线上排列时的具体要求如下： （a）黑色汽车连续排列的数量在50-70辆之间，两批黑色汽车在总装线上需间隔至少20辆。 （b）白色汽车可以连续排列，也可以与颜色为蓝或棕的汽车间隔排列； （c）颜色为黄或红的汽车必须与颜色为银、灰、棕、金中的一种颜色的汽车间隔排列； （d）蓝色汽车必须与白色汽车间隔排列； （e）金色汽车要求与颜色为黄或红的汽车间隔排列；若无法满足要求，也可以与颜色为灰、棕、银中的一种颜色的汽车间隔排列； （f）颜色为灰或银的汽车可以连续排列，也可以与颜色为黄、红、金中的一种颜色的汽车间隔排列； （g）棕色汽车可以连续排列，也可以与颜色为黄、红、金、白中的一种颜色的汽车间隔排列。 （h）关于其他颜色的搭配，遵循“没有允许即为禁止”的原则。 由于该公司的生产线24小时不间断作业，以上总装线和喷涂线的各项要求对相邻班次（包括当日晚班与次日白班）的车辆同样适用。,cumcm/question_solutions/2018/D/q06/solution.py,cumcm/question_results/2018/D/q06/result.json,cumcm/question_reports/2018/D/q06/report.md,cumcm/question_artifacts/2018/D/q06/experiment_table.csv,2
2018-D,2018,D,7,问题 1,根据问题的背景、装配要求以及附件中的数据，建立数学模型或者设计算法，使其能给出符合要求、且具有较低生产成本的装配顺序。,cumcm/question_solutions/2018/D/q07/solution.py,cumcm/question_results/2018/D/q07/result.json,cumcm/question_reports/2018/D/q07/report.md,cumcm/question_artifacts/2018/D/q07/experiment_table.csv,2
2018-D,2018,D,8,问题 2,根据（1）中的数学模型或算法，针对附件中的数据，给出你们的计算结果： （a）将9月20日的装配顺序按照下表格式填写在表中，并将此表放在论文的附录中。 9月20日的装配顺序 （b）按照上表的格式给出9月17日至9月23日每天的装配顺序，文件以“schedule.xlsx”命名，作为论文的支撑材料与论文同时提交。,cumcm/question_solutions/2018/D/q08/solution.py,cumcm/question_results/2018/D/q08/result.json,cumcm/question_reports/2018/D/q08/report.md,cumcm/question_artifacts/2018/D/q08/experiment_table.csv,2
2019-A,2019,A,1,问题1,某型号高压油管的内腔长度为500mm，内直径为10mm，供油入口A处小孔的直径为1.4mm，通过单向阀开关控制供油时间的长短，单向阀每打开一次后就要关闭10ms。喷油器每秒工作10次，每次工作时喷油时间为2.4ms，喷油器工作时从喷油嘴B处向外喷油的速率如图2所示。高压油泵在入口A处提供的压力恒为160 MPa，高压油管内的初始压力为100 MPa。如果要将高压油管内的压力尽可能稳定在100 MPa左右，如何设置单向阀每次开启的时长？如果要将高压油管内的压力从100 MPa增加到150 MPa，且分别经过约2 s、5 s和10 s的调整过程后稳定在150 MPa，单向阀开启的时长应如何调整？,cumcm/question_solutions/2019/A/q01/solution.py,cumcm/question_results/2019/A/q01/result.json,cumcm/question_reports/2019/A/q01/report.md,cumcm/question_artifacts/2019/A/q01/experiment_table.csv,5
2019-A,2019,A,2,问题2,在实际工作过程中，高压油管A处的燃油来自高压油泵的柱塞腔出口，喷油由喷油嘴的针阀控制。高压油泵柱塞的压油过程如图3所示，凸轮驱动柱塞上下运动，凸轮边缘曲线与角度的关系见附件1。柱塞向上运动时压缩柱塞腔内的燃油，当柱塞腔内的压力大于高压油管内的压力时，柱塞腔与高压油管连接的单向阀开启，燃油进入高压油管内。柱塞腔内直径为5mm，柱塞运动到上止点位置时，柱塞腔残余容积为20mm3。柱塞运动到下止点时，低压燃油会充满柱塞腔（包括残余容积），低压燃油的压力为0.5 MPa。喷油器喷嘴结构如图4所示，针阀直径为2.5mm、密封座是半角为9°的圆锥，最下端喷孔的直径为1.4mm。针阀升程为0时，针阀关闭；针阀升程大于0时，针阀开启，燃油向喷孔流动，通过喷孔喷出。在一个喷油周期内针阀升程与时间的关系由附件2给出。在问题1中给出的喷油器工作次数、高压油管尺寸和初始压力下，确定凸轮的角速度，使得高压油管内的压力尽量稳定在100 MPa左右。,cumcm/question_solutions/2019/A/q02/solution.py,cumcm/question_results/2019/A/q02/result.json,cumcm/question_reports/2019/A/q02/report.md,cumcm/question_artifacts/2019/A/q02/experiment_table.csv,5
2019-A,2019,A,3,问题3,在问题2的基础上，再增加一个喷油嘴，每个喷嘴喷油规律相同，喷油和供油策略应如何调整？为了更有效地控制高压油管的压力，现计划在D处安装一个单向减压阀（图5）。单向减压阀出口为直径为1.4mm的圆，打开后高压油管内的燃油可以在压力下回流到外部低压油路中，从而使得高压油管内燃油的压力减小。请给出高压油泵和减压阀的控制方案。,cumcm/question_solutions/2019/A/q03/solution.py,cumcm/question_results/2019/A/q03/result.json,cumcm/question_reports/2019/A/q03/report.md,cumcm/question_artifacts/2019/A/q03/experiment_table.csv,5
2019-B,2019,B,1,问题 1,在理想状态下，每个人都可以精确控制用力方向、时机和力度，试讨论 这种情形下团队的最佳协作策略，并给出该策略下的颠球高度。,cumcm/question_solutions/2019/B/q01/solution.py,cumcm/question_results/2019/B/q01/result.json,cumcm/question_reports/2019/B/q01/report.md,cumcm/question_artifacts/2019/B/q01/experiment_table.csv,2
2019-B,2019,B,2,问题 2,在现实情形中，队员发力时机和力度不可能做到精确控制，存在一定误 差， 于是鼓面可能出现倾斜。 试建立模型描述队员的发力时机和力度与某一特定 时刻的鼓面倾斜角度的关系。 设队员人数为8， 绳长为1.7m， 鼓面初始时刻是水 平静止的，初始位置较绳子水平时下降 11 cm，表 1 中给出了队员们的不同发力 时机和力度，求 0.1 s 时鼓面的倾斜角度。,cumcm/question_solutions/2019/B/q02/solution.py,cumcm/question_results/2019/B/q02/result.json,cumcm/question_reports/2019/B/q02/report.md,cumcm/question_artifacts/2019/B/q02/experiment_table.csv,2
2019-B,2019,B,3,问题 3,在现实情形中，根据问题 2 的模型，你们在问题 1 中给出的策略是否需 要调整？如果需要，如何调整？,cumcm/question_solutions/2019/B/q03/solution.py,cumcm/question_results/2019/B/q03/result.json,cumcm/question_reports/2019/B/q03/report.md,cumcm/question_artifacts/2019/B/q03/experiment_table.csv,2
2019-B,2019,B,4,问题 4,当鼓面发生倾斜时， 球跳动方向不再竖直， 于是需要队员调整拉绳策略。 假设人数为 10，绳长为 2m，球的反弹高度为 60cm，相对于竖直方向产生 1 度 的倾斜角度，且倾斜方向在水平面的投影指向某两位队员之间， 与这两位队员的 夹角之比为 1:2。为了将球调整为竖直状态弹跳，请给出在可精确控制条件下所 有队员的发力时机及力度，并分析在现实情形中这种调整策略的实施效果。,cumcm/question_solutions/2019/B/q04/solution.py,cumcm/question_results/2019/B/q04/result.json,cumcm/question_reports/2019/B/q04/report.md,cumcm/question_artifacts/2019/B/q04/experiment_table.csv,2
2019-C,2019,C,1,问题 1,分析研究与出租车司机决策相关因素的影响机理，综合考虑机场乘客数量的变化规律和出租车司机的收益，建立出租车司机选择决策模型，并给出司机的选择策略。,cumcm/question_solutions/2019/C/q01/solution.py,cumcm/question_results/2019/C/q01/result.json,cumcm/question_reports/2019/C/q01/report.md,cumcm/question_artifacts/2019/C/q01/experiment_table.csv,2
2019-C,2019,C,2,问题 2,收集国内某一机场及其所在城市出租车的相关数据，给出该机场出租车司机的选择方案，并分析模型的合理性和对相关因素的依赖性。,cumcm/question_solutions/2019/C/q02/solution.py,cumcm/question_results/2019/C/q02/result.json,cumcm/question_reports/2019/C/q02/report.md,cumcm/question_artifacts/2019/C/q02/experiment_table.csv,2
2019-C,2019,C,3,问题 3,在某些时候，经常会出现出租车排队载客和乘客排队乘车的情况。某机场“乘车区”现有两条并行车道，管理部门应如何设置“上车点”，并合理安排出租车和乘客，在保证车辆和乘客安全的条件下，使得总的乘车效率最高。,cumcm/question_solutions/2019/C/q03/solution.py,cumcm/question_results/2019/C/q03/result.json,cumcm/question_reports/2019/C/q03/report.md,cumcm/question_artifacts/2019/C/q03/experiment_table.csv,2
2019-C,2019,C,4,问题 4,机场的出租车载客收益与载客的行驶里程有关，乘客的目的地有远有近，出租车司机不能选择乘客和拒载，但允许出租车多次往返载客。管理部门拟对某些短途载客再次返回的出租车给予一定的“优先权”，使得这些出租车的收益尽量均衡，试给出一个可行的“优先”安排方案。,cumcm/question_solutions/2019/C/q04/solution.py,cumcm/question_results/2019/C/q04/result.json,cumcm/question_reports/2019/C/q04/report.md,cumcm/question_artifacts/2019/C/q04/experiment_table.csv,2
2019-D,2019,D,1,问题 1,对自建点数据与国控点数据进行探索性数据分析。,cumcm/question_solutions/2019/D/q01/solution.py,cumcm/question_results/2019/D/q01/result.json,cumcm/question_reports/2019/D/q01/report.md,cumcm/question_artifacts/2019/D/q01/experiment_table.csv,5
2019-D,2019,D,2,问题 2,对导致自建点数据与国控点数据造成差异的因素进行分析。,cumcm/question_solutions/2019/D/q02/solution.py,cumcm/question_results/2019/D/q02/result.json,cumcm/question_reports/2019/D/q02/report.md,cumcm/question_artifacts/2019/D/q02/experiment_table.csv,5
2019-D,2019,D,3,问题 3,利用国控点数据，建立数学模型对自建点数据进行校准。,cumcm/question_solutions/2019/D/q03/solution.py,cumcm/question_results/2019/D/q03/result.json,cumcm/question_reports/2019/D/q03/report.md,cumcm/question_artifacts/2019/D/q03/experiment_table.csv,5
2019-E,2019,E,1,问题 1,计算该商场从2016年11月30日到2019年1月2日每天的营业额和利润率（注意：由于未知原因，数据中非打折商品的成本价缺失。一般情况下，零售商的利润率在20%-40%之间),cumcm/question_solutions/2019/E/q01/solution.py,cumcm/question_results/2019/E/q01/result.json,cumcm/question_reports/2019/E/q01/report.md,cumcm/question_artifacts/2019/E/q01/experiment_table.csv,7
2019-E,2019,E,2,问题 2,建立适当的指标衡量商场每天的打折力度，并计算该商场从2016年11月30日到2019年1月2日每天的打折力度,cumcm/question_solutions/2019/E/q02/solution.py,cumcm/question_results/2019/E/q02/result.json,cumcm/question_reports/2019/E/q02/report.md,cumcm/question_artifacts/2019/E/q02/experiment_table.csv,7
2019-E,2019,E,3,问题 3,分析打折力度与商品销售额以及利润率的关系,cumcm/question_solutions/2019/E/q03/solution.py,cumcm/question_results/2019/E/q03/result.json,cumcm/question_reports/2019/E/q03/report.md,cumcm/question_artifacts/2019/E/q03/experiment_table.csv,7
2020-A,2020,A,1,问题1,请对焊接区域的温度变化规律建立数学模型。假设传送带过炉速度为78 cm/min，各温区温度的设定值分别为173ºC（小温区1~5）、198ºC（小温区6）、230ºC（小温区7）和257ºC（小温区8~9），请给出焊接区域中心的温度变化情况，列出小温区3、6、7中点及小温区8结束处焊接区域中心的温度，画出相应的炉温曲线，并将每隔0.5 s焊接区域中心的温度存放在提供的result.csv中。,cumcm/question_solutions/2020/A/q01/solution.py,cumcm/question_results/2020/A/q01/result.json,cumcm/question_reports/2020/A/q01/report.md,cumcm/question_artifacts/2020/A/q01/experiment_table.csv,3
2020-A,2020,A,2,问题2,假设各温区温度的设定值分别为182ºC（小温区1~5）、203ºC（小温区6）、237ºC（小温区7）、254ºC（小温区8~9），请确定允许的最大传送带过炉速度。,cumcm/question_solutions/2020/A/q02/solution.py,cumcm/question_results/2020/A/q02/result.json,cumcm/question_reports/2020/A/q02/report.md,cumcm/question_artifacts/2020/A/q02/experiment_table.csv,3
2020-A,2020,A,3,问题3,在焊接过程中，焊接区域中心的温度超过217ºC的时间不宜过长，峰值温度也不宜过高。理想的炉温曲线应使超过217ºC到峰值温度所覆盖的面积（图2中阴影部分）最小。请确定在此要求下的最优炉温曲线，以及各温区的设定温度和传送带的过炉速度，并给出相应的面积。,cumcm/question_solutions/2020/A/q03/solution.py,cumcm/question_results/2020/A/q03/result.json,cumcm/question_reports/2020/A/q03/report.md,cumcm/question_artifacts/2020/A/q03/experiment_table.csv,3
2020-A,2020,A,4,问题4,在焊接过程中，除满足制程界限外，还希望以峰值温度为中心线的两侧超过217ºC的炉温曲线应尽量对称（参见图2）。请结合问题3，进一步给出最优炉温曲线，以及各温区设定的温度及传送带过炉速度，并给出相应的指标值。,cumcm/question_solutions/2020/A/q04/solution.py,cumcm/question_results/2020/A/q04/result.json,cumcm/question_reports/2020/A/q04/report.md,cumcm/question_artifacts/2020/A/q04/experiment_table.csv,3
2020-B,2020,B,1,问题 1,以天为基本时间单位，游戏的开始时间为第0天，玩家位于起点。玩家必须在截止日期或之前到达终点，到达终点后该玩家的游戏结束。,cumcm/question_solutions/2020/B/q01/solution.py,cumcm/question_results/2020/B/q01/result.json,cumcm/question_reports/2020/B/q01/report.md,cumcm/question_artifacts/2020/B/q01/experiment_table.csv,3
2020-B,2020,B,2,问题 2,穿越沙漠需水和食物两种资源，它们的最小计量单位均为箱。每天玩家拥有的水和食物质量之和不能超过负重上限。若未到达终点而水或食物已耗尽，视为游戏失败。,cumcm/question_solutions/2020/B/q02/solution.py,cumcm/question_results/2020/B/q02/result.json,cumcm/question_reports/2020/B/q02/report.md,cumcm/question_artifacts/2020/B/q02/experiment_table.csv,3
2020-B,2020,B,3,问题 3,每天的天气为“晴朗”、“高温”、“沙暴”三种状况之一，沙漠中所有区域的天气相同。,cumcm/question_solutions/2020/B/q03/solution.py,cumcm/question_results/2020/B/q03/result.json,cumcm/question_reports/2020/B/q03/report.md,cumcm/question_artifacts/2020/B/q03/experiment_table.csv,3
2020-B,2020,B,4,问题 4,每天玩家可从地图中的某个区域到达与之相邻的另一个区域，也可在原地停留。沙暴日必须在原地停留。,cumcm/question_solutions/2020/B/q04/solution.py,cumcm/question_results/2020/B/q04/result.json,cumcm/question_reports/2020/B/q04/report.md,cumcm/question_artifacts/2020/B/q04/experiment_table.csv,3
2020-B,2020,B,5,问题 5,玩家在原地停留一天消耗的资源数量称为基础消耗量，行走一天消耗的资源数量为基础消耗量的倍。,cumcm/question_solutions/2020/B/q05/solution.py,cumcm/question_results/2020/B/q05/result.json,cumcm/question_reports/2020/B/q05/report.md,cumcm/question_artifacts/2020/B/q05/experiment_table.csv,3
2020-B,2020,B,6,问题 6,玩家第0天可在起点处用初始资金以基准价格购买水和食物。玩家可在起点停留或回到起点，但不能多次在起点购买资源。玩家到达终点后可退回剩余的水和食物，每箱退回价格为基准价格的一半。,cumcm/question_solutions/2020/B/q06/solution.py,cumcm/question_results/2020/B/q06/result.json,cumcm/question_reports/2020/B/q06/report.md,cumcm/question_artifacts/2020/B/q06/experiment_table.csv,3
2020-B,2020,B,7,问题 7,玩家在矿山停留时，可通过挖矿获得资金，挖矿一天获得的资金量称为基础收益。如果挖矿，消耗的资源数量为基础消耗量的倍；如果不挖矿，消耗的资源数量为基础消耗量。到达矿山当天不能挖矿。沙暴日也可挖矿。,cumcm/question_solutions/2020/B/q07/solution.py,cumcm/question_results/2020/B/q07/result.json,cumcm/question_reports/2020/B/q07/report.md,cumcm/question_artifacts/2020/B/q07/experiment_table.csv,3
2020-B,2020,B,8,问题 8,玩家经过或在村庄停留时可用剩余的初始资金或挖矿获得的资金随时购买水和食物，每箱价格为基准价格的2倍。 请根据游戏的不同设定，建立数学模型，解决以下问题。,cumcm/question_solutions/2020/B/q08/solution.py,cumcm/question_results/2020/B/q08/result.json,cumcm/question_reports/2020/B/q08/report.md,cumcm/question_artifacts/2020/B/q08/experiment_table.csv,3
2020-B,2020,B,9,问题 1,假设只有一名玩家，在整个游戏时段内每天天气状况事先全部已知，试给出一般情况下玩家的最优策略。求解附件中的“第一关”和“第二关”，并将相应结果分别填入Result.xlsx。,cumcm/question_solutions/2020/B/q09/solution.py,cumcm/question_results/2020/B/q09/result.json,cumcm/question_reports/2020/B/q09/report.md,cumcm/question_artifacts/2020/B/q09/experiment_table.csv,3
2020-B,2020,B,10,问题 2,假设只有一名玩家，玩家仅知道当天的天气状况，可据此决定当天的行动方案，试给出一般情况下玩家的最佳策略，并对附件中的“第三关”和“第四关”进行具体讨论。,cumcm/question_solutions/2020/B/q10/solution.py,cumcm/question_results/2020/B/q10/result.json,cumcm/question_reports/2020/B/q10/report.md,cumcm/question_artifacts/2020/B/q10/experiment_table.csv,3
2020-B,2020,B,11,问题 3,现有名玩家，他们有相同的初始资金，且同时从起点出发。若某天其中的任意名玩家均从区域A行走到区域B()，则他们中的任一位消耗的资源数量均为基础消耗量的倍；若某天其中的任意名玩家在同一矿山挖矿，则他们中的任一位消耗的资源数量均为基础消耗量的倍，且每名玩家一天可通过挖矿获得的资金是基础收益的；若某天其中的任意名玩家在同一村庄购买资源，每箱价格均为基准价格的倍。其他情况下消耗资源数量与资源价格与单人游戏相同。,cumcm/question_solutions/2020/B/q11/solution.py,cumcm/question_results/2020/B/q11/result.json,cumcm/question_reports/2020/B/q11/report.md,cumcm/question_artifacts/2020/B/q11/experiment_table.csv,3
2020-B,2020,B,12,问题 1,假设在整个游戏时段内每天天气状况事先全部已知，每名玩家的行动方案需在第天确定且此后不能更改。试给出一般情况下玩家应采取的策略，并对附件中的“第五关”进行具体讨论。,cumcm/question_solutions/2020/B/q12/solution.py,cumcm/question_results/2020/B/q12/result.json,cumcm/question_reports/2020/B/q12/report.md,cumcm/question_artifacts/2020/B/q12/experiment_table.csv,3
2020-B,2020,B,13,问题 2,假设所有玩家仅知道当天的天气状况，从第天起，每名玩家在当天行动结束后均知道其余玩家当天的行动方案和剩余的资源数量，随后确定各自第二天的行动方案。试给出一般情况下玩家应采取的策略，并对附件中的“第六关”进行具体讨论。 注1：附件所给地图中，有公共边界的两个区域称为相邻，仅有公共顶点而没有公共边界的两个区域不视作相邻。 注2：Result.xlsx中剩余资金数（剩余水量、剩余食物量）指当日所需资源全部消耗完毕后的资金数（水量、食物量）。若当日还有购买行为，则指完成购买后的资金数（水量、食物量）。,cumcm/question_solutions/2020/B/q13/solution.py,cumcm/question_results/2020/B/q13/result.json,cumcm/question_reports/2020/B/q13/report.md,cumcm/question_artifacts/2020/B/q13/experiment_table.csv,3
2020-C,2020,C,1,问题 1,对附件1中123家企业的信贷风险进行量化分析，给出该银行在年度信贷总额固定时对这些企业的信贷策略。,cumcm/question_solutions/2020/C/q01/solution.py,cumcm/question_results/2020/C/q01/result.json,cumcm/question_reports/2020/C/q01/report.md,cumcm/question_artifacts/2020/C/q01/experiment_table.csv,4
2020-C,2020,C,2,问题 2,在问题1的基础上，对附件2中302家企业的信贷风险进行量化分析，并给出该银行在年度信贷总额为1亿元时对这些企业的信贷策略。,cumcm/question_solutions/2020/C/q02/solution.py,cumcm/question_results/2020/C/q02/result.json,cumcm/question_reports/2020/C/q02/report.md,cumcm/question_artifacts/2020/C/q02/experiment_table.csv,4
2020-C,2020,C,3,问题 3,企业的生产经营和经济效益可能会受到一些突发因素影响，而且突发因素往往对不同行业、不同类别的企业会有不同的影响。综合考虑附件2中各企业的信贷风险和可能的突发因素（例如：新冠病毒疫情）对各企业的影响，给出该银行在年度信贷总额为1亿元时的信贷调整策略。 附件1 123家有信贷记录企业的相关数据 附件2 302家无信贷记录企业的相关数据 附件3 银行贷款年利率与客户流失率关系的2019年统计数据 附件中数据说明：,cumcm/question_solutions/2020/C/q03/solution.py,cumcm/question_results/2020/C/q03/result.json,cumcm/question_reports/2020/C/q03/report.md,cumcm/question_artifacts/2020/C/q03/experiment_table.csv,4
2020-C,2020,C,4,问题 1,进项发票：企业进货（购买产品）时销售方为其开具的发票。,cumcm/question_solutions/2020/C/q04/solution.py,cumcm/question_results/2020/C/q04/result.json,cumcm/question_reports/2020/C/q04/report.md,cumcm/question_artifacts/2020/C/q04/experiment_table.csv,4
2020-C,2020,C,5,问题 2,销项发票：企业销售产品时为购货方开具的发票。,cumcm/question_solutions/2020/C/q05/solution.py,cumcm/question_results/2020/C/q05/result.json,cumcm/question_reports/2020/C/q05/report.md,cumcm/question_artifacts/2020/C/q05/experiment_table.csv,4
2020-C,2020,C,6,问题 3,有效发票：为正常的交易活动开具的发票。,cumcm/question_solutions/2020/C/q06/solution.py,cumcm/question_results/2020/C/q06/result.json,cumcm/question_reports/2020/C/q06/report.md,cumcm/question_artifacts/2020/C/q06/experiment_table.csv,4
2020-C,2020,C,7,问题 4,作废发票：在为交易活动开具发票后，因故取消了该项交易，使发票作废。,cumcm/question_solutions/2020/C/q07/solution.py,cumcm/question_results/2020/C/q07/result.json,cumcm/question_reports/2020/C/q07/report.md,cumcm/question_artifacts/2020/C/q07/experiment_table.csv,4
2020-C,2020,C,8,问题 5,负数发票：在为交易活动开具发票后，企业已入账记税，之后购方因故发生退货并退款，此时，需开具的负数发票。,cumcm/question_solutions/2020/C/q08/solution.py,cumcm/question_results/2020/C/q08/result.json,cumcm/question_reports/2020/C/q08/report.md,cumcm/question_artifacts/2020/C/q08/experiment_table.csv,4
2020-C,2020,C,9,问题 6,信誉评级：银行内部根据企业的实际情况人工评定的，银行对信誉评级为D的企业原则上不予放贷。,cumcm/question_solutions/2020/C/q09/solution.py,cumcm/question_results/2020/C/q09/result.json,cumcm/question_reports/2020/C/q09/report.md,cumcm/question_artifacts/2020/C/q09/experiment_table.csv,4
2020-C,2020,C,10,问题 7,客户流失率：因为贷款利率等因素银行失去潜在客户的比率。,cumcm/question_solutions/2020/C/q10/solution.py,cumcm/question_results/2020/C/q10/result.json,cumcm/question_reports/2020/C/q10/report.md,cumcm/question_artifacts/2020/C/q10/experiment_table.csv,4
2020-D,2020,D,1,问题1,附件1中的表level是工件1在水平状态下的测量数据，其轮廓线如图4所示，请标注出轮廓线的各项参数值：槽口宽度（如等）、圆弧半径（如等）、圆心之间的距离（如等）、圆弧的长度、水平线段的长度（如等）、斜线线段的长度、斜线与水平线之间的夹角（如等）和人字形线的高度（）。,cumcm/question_solutions/2020/D/q01/solution.py,cumcm/question_results/2020/D/q01/result.json,cumcm/question_reports/2020/D/q01/report.md,cumcm/question_artifacts/2020/D/q01/experiment_table.csv,5
2020-D,2020,D,2,问题2,同一工件在不同次测量时，由于工件放置的角度和位置不同，轮廓线参数的计算值也会存在差异。附件1中的表down给出了工件1在倾斜一个角度和有一些水平位移状态下轮廓线的测量数据。请计算该工件测量时的倾斜角度，并作水平校正。在数据校正后，完成问题1的任务，并比较两种测量状态下工件1各项参数计算值之间的差异。,cumcm/question_solutions/2020/D/q02/solution.py,cumcm/question_results/2020/D/q02/result.json,cumcm/question_reports/2020/D/q02/report.md,cumcm/question_artifacts/2020/D/q02/experiment_table.csv,5
2020-D,2020,D,3,问题3,在对工件作多次检测时，工件每次放置的角度、测量的起点和终点都会有偏差，这导致了每次测量实际是对整个工件中的某一部分进行检测。附件2提供了对工件2的10次测量数据，请基于这些数据完成：(1) 每次测量时工件2的倾斜角度；(2) 标注出工件2轮廓线的各项参数值（同问题1）；(3) 画出工件2的完整轮廓线。,cumcm/question_solutions/2020/D/q03/solution.py,cumcm/question_results/2020/D/q03/result.json,cumcm/question_reports/2020/D/q03/report.md,cumcm/question_artifacts/2020/D/q03/experiment_table.csv,5
2020-D,2020,D,4,问题4,为了更准确地标注出工件2的各项参数值，附件3和附件4分别提供了工件2关于圆和角的9次局部测量数据，请利用这些数据修正问题3的结论，并对该工件的完整轮廓线作进一步修正。,cumcm/question_solutions/2020/D/q04/solution.py,cumcm/question_results/2020/D/q04/result.json,cumcm/question_reports/2020/D/q04/report.md,cumcm/question_artifacts/2020/D/q04/experiment_table.csv,5
2020-E,2020,E,1,问题 1,输水管网的漏损是一个严重问题。资料显示，在维护良好的公共供水网络中，平均失水在5%左右；而在比较老旧的管网中，失水则会更多。请利用附件提供的数据，建立数学模型，分析该校园供水管网的漏损情况,cumcm/question_solutions/2020/E/q01/solution.py,cumcm/question_results/2020/E/q01/result.json,cumcm/question_reports/2020/E/q01/report.md,cumcm/question_artifacts/2020/E/q01/experiment_table.csv,6
2020-E,2020,E,2,问题 2,地下水管暗漏不容易被发现，需要花费大量人力对供水管道的漏损进行检测及定位，如果能够从水表的实时数据及时发现并确定发生漏损的位置，将极为有益。请帮助学校解决这个问题,cumcm/question_solutions/2020/E/q02/solution.py,cumcm/question_results/2020/E/q02/result.json,cumcm/question_reports/2020/E/q02/report.md,cumcm/question_artifacts/2020/E/q02/experiment_table.csv,6
2020-E,2020,E,3,问题 3,管网维修需要一定的人工费和材料费，但同时可以降低管网漏损程度。请根据以上结果和你了解的水价及维修成本确定管网漏损的最优维修决策方案,cumcm/question_solutions/2020/E/q03/solution.py,cumcm/question_results/2020/E/q03/result.json,cumcm/question_reports/2020/E/q03/report.md,cumcm/question_artifacts/2020/E/q03/experiment_table.csv,6
2021-A,2021,A,1,问题 1,"当待观测天体𝑆位于基准球面正上方，即𝛼 = 0°, 𝛽 = 90°时，结合考虑反射面板调节因 素，确定理想抛物面。",cumcm/question_solutions/2021/A/q01/solution.py,cumcm/question_results/2021/A/q01/result.json,cumcm/question_reports/2021/A/q01/report.md,cumcm/question_artifacts/2021/A/q01/experiment_table.csv,5
2021-A,2021,A,2,问题 2,"当待观测天体𝑆位于𝛼 = 36.795°, 𝛽 = 78.169°时，确定理想抛物面。建立反射面板调节 模型， 调节相关促动器的伸缩量，使反射面尽量贴近该理想抛物面。 将理想抛物面的顶点坐标， 以及调节后反射面 300 米口径内的主索节点编号、位置坐标、各促动器的伸缩量等结果按照规 定的格式（见附件4）保存在“result.xlsx”文件中。",cumcm/question_solutions/2021/A/q02/solution.py,cumcm/question_results/2021/A/q02/result.json,cumcm/question_reports/2021/A/q02/report.md,cumcm/question_artifacts/2021/A/q02/experiment_table.csv,5
2021-A,2021,A,3,问题 3,基于第2 问的反射面调节方案， 计算调节后馈源舱的接收比， 即馈源舱有效区域接收到 的反射信号与 300 米口径内反射面的反射信号之比，并与基准反射球面的接收比作比较。 附录：要求及相关参数,cumcm/question_solutions/2021/A/q03/solution.py,cumcm/question_results/2021/A/q03/result.json,cumcm/question_reports/2021/A/q03/report.md,cumcm/question_artifacts/2021/A/q03/experiment_table.csv,5
2021-A,2021,A,4,问题 1,主动反射面共有主索节点2226 个， 节点间连接主索6525 根， 不考虑周边支承结构连接 的部分反射面板， 共有反射面板4300 块。 基准球面的球心在坐标原点， 附件1 给出了所有主索 节点的坐标和编号，附件2 给出了促动器下端点（地锚点）坐标、基准态时上端点（顶端）的 坐标，以及促动器对应的主索节点编号，附件3 给出了4300 块反射面板对应的主索节点编号。,cumcm/question_solutions/2021/A/q04/solution.py,cumcm/question_results/2021/A/q04/result.json,cumcm/question_reports/2021/A/q04/report.md,cumcm/question_artifacts/2021/A/q04/experiment_table.csv,5
2021-A,2021,A,5,问题 2,基准态下，所有主索节点均位于基准球面上。,cumcm/question_solutions/2021/A/q05/solution.py,cumcm/question_results/2021/A/q05/result.json,cumcm/question_reports/2021/A/q05/report.md,cumcm/question_artifacts/2021/A/q05/experiment_table.csv,5
2021-A,2021,A,6,问题 3,每一块反射面板均为基准球面的一部分。 反射面板上开有许多直径小于5 毫米的小圆孔， 用于透漏雨水。 由于小孔的直径小于所观察的天体电磁波的波长， 不影响对天体电磁波的反射， 所以可以认为面板是无孔的。,cumcm/question_solutions/2021/A/q06/solution.py,cumcm/question_results/2021/A/q06/result.json,cumcm/question_reports/2021/A/q06/report.md,cumcm/question_artifacts/2021/A/q06/experiment_table.csv,5
2021-A,2021,A,7,问题 4,电磁波信号及反射信号均视为直线传播。,cumcm/question_solutions/2021/A/q07/solution.py,cumcm/question_results/2021/A/q07/result.json,cumcm/question_reports/2021/A/q07/report.md,cumcm/question_artifacts/2021/A/q07/experiment_table.csv,5
2021-A,2021,A,8,问题 5,主索节点调节后，相邻节点之间的距离可能会发生微小变化，变化幅度不超过 0.07%。,cumcm/question_solutions/2021/A/q08/solution.py,cumcm/question_results/2021/A/q08/result.json,cumcm/question_reports/2021/A/q08/report.md,cumcm/question_artifacts/2021/A/q08/experiment_table.csv,5
2021-A,2021,A,9,问题 6,将主索节点坐标作为对应的反射面板顶点坐标。,cumcm/question_solutions/2021/A/q09/solution.py,cumcm/question_results/2021/A/q09/result.json,cumcm/question_reports/2021/A/q09/report.md,cumcm/question_artifacts/2021/A/q09/experiment_table.csv,5
2021-A,2021,A,10,问题 7,通过促动器顶端的伸缩，可控制主索节点的移动变位，但连接主索节点与促动器顶端 的下拉索的长度保持不变。 促动器伸缩沿基准球面径向趋向球心方向为正向。 假设基准状态下， 促动器顶端径向伸缩量为0，其径向伸缩范围为-0.6～+0.6 米。,cumcm/question_solutions/2021/A/q10/solution.py,cumcm/question_results/2021/A/q10/result.json,cumcm/question_reports/2021/A/q10/report.md,cumcm/question_artifacts/2021/A/q10/experiment_table.csv,5
2021-A,2021,A,11,问题 8,天体 S 的方位可用方位角𝛼和仰角𝛽来表示（见图 5）。,cumcm/question_solutions/2021/A/q11/solution.py,cumcm/question_results/2021/A/q11/result.json,cumcm/question_reports/2021/A/q11/report.md,cumcm/question_artifacts/2021/A/q11/experiment_table.csv,5
2021-B,2021,B,1,问题 1,对附件 1 中每种催化剂组合，分别研究乙醇转化率、C4 烯烃的选择性与温 度的关系， 并对附件 2 中 350 度时给定的催化剂组合在一次实验不同时间的测试结 果进行分析。,cumcm/question_solutions/2021/B/q01/solution.py,cumcm/question_results/2021/B/q01/result.json,cumcm/question_reports/2021/B/q01/report.md,cumcm/question_artifacts/2021/B/q01/experiment_table.csv,3
2021-B,2021,B,2,问题 2,探讨不同催化剂组合及温度对乙醇转化率以及 C4 烯烃选择性大小的影响。,cumcm/question_solutions/2021/B/q02/solution.py,cumcm/question_results/2021/B/q02/result.json,cumcm/question_reports/2021/B/q02/report.md,cumcm/question_artifacts/2021/B/q02/experiment_table.csv,3
2021-B,2021,B,3,问题 3,如何选择催化剂组合与温度，使得在相同实验条件下 C4 烯烃收率尽可能 高。若使温度低于 350 度，又如何选择催化剂组合与温度，使得 C4 烯烃收率尽可 能高。,cumcm/question_solutions/2021/B/q03/solution.py,cumcm/question_results/2021/B/q03/result.json,cumcm/question_reports/2021/B/q03/report.md,cumcm/question_artifacts/2021/B/q03/experiment_table.csv,3
2021-B,2021,B,4,问题 4,如果允许再增加 5 次实验，应如何设计，并给出详细理由。 附录：名词解释与附件说明 温度：反应温度。 选择性：某一个产物在所有产物中的占比。 时间：催化剂在乙醇氛围下的反应时间，单位分钟（min）。 Co 负载量： Co 与 SiO2 的重量之比。例如，“Co 负载量为 1wt%”表示 Co 与 SiO2 的重量之比为 1:100，记作“1wt%Co/SiO2”，依次类推。 HAP：一种催化剂载体，中文名称羟基磷灰石。 Co /SiO2 和 HAP 装料比：指 Co/SiO2 和 HAP 的质量比。 例如附件 1 中编号为 A14 的 催化剂组合 “33mg 1wt%Co/SiO2-67mg HAP -乙 醇浓度 1.68ml/min” 指 Co/SiO2 和 HAP 质量比为 33mg：67mg 且乙醇按每分钟 1.68 毫升加入，依次类推。 乙醇转化率：单位时间内乙醇的单程转化率，其值为 100 %  (乙醇进气量-乙 醇剩余量)/乙醇进气量。 C4 烯烃收率：其值为乙醇转化率  C4 烯烃的选择性。 附件 1：性能数据表。表中乙烯、C4 烯烃、乙醛、碳数为 4-12 脂肪醇等均为 反应的生成物；编号 A1~A14 的催化剂实验中使用装料方式 I，B1～B7 的催化剂实 验中使用装料方式 II。 附件 2：350 度时给定的某种催化剂组合的测试数据。,cumcm/question_solutions/2021/B/q04/solution.py,cumcm/question_results/2021/B/q04/result.json,cumcm/question_reports/2021/B/q04/report.md,cumcm/question_artifacts/2021/B/q04/experiment_table.csv,3
2021-C,2021,C,1,问题 1,根据附件1，对402 家供应商的供货特征进行量化分析，建立反映保障企业生产 重要性的数学模型，在此基础上确定50 家最重要的供应商， 并在论文中列表给出结果。,cumcm/question_solutions/2021/C/q01/solution.py,cumcm/question_results/2021/C/q01/result.json,cumcm/question_reports/2021/C/q01/report.md,cumcm/question_artifacts/2021/C/q01/experiment_table.csv,5
2021-C,2021,C,2,问题 2,参考问题1， 该企业应至少选择多少家供应商供应原材料才可能满足生产的需求？ 针对这些供应商，为该企业制定未来 24 周每周最经济的原材料订购方案，并据此制定 损耗最少的转运方案。试对订购方案和转运方案的实施效果进行分析。,cumcm/question_solutions/2021/C/q02/solution.py,cumcm/question_results/2021/C/q02/result.json,cumcm/question_reports/2021/C/q02/report.md,cumcm/question_artifacts/2021/C/q02/experiment_table.csv,5
2021-C,2021,C,3,问题 3,该企业为了压缩生产成本，现计划尽量多地采购 A 类和尽量少地采购 C 类原材 料，以减少转运及仓储的成本，同时希望转运商的转运损耗率尽量少。请制定新的订购 方案及转运方案，并分析方案的实施效果。,cumcm/question_solutions/2021/C/q03/solution.py,cumcm/question_results/2021/C/q03/result.json,cumcm/question_reports/2021/C/q03/report.md,cumcm/question_artifacts/2021/C/q03/experiment_table.csv,5
2021-C,2021,C,4,问题 4,该企业通过技术改造已具备了提高产能的潜力。 根据现有原材料的供应商和转运 商的实际情况，确定该企业每周的产能可以提高多少，并给出未来 24 周的订购和转运 方案。 注：请将问题 2、问题 3 和问题 4 订购方案的数值结果填入附件 A，转运方案的数 值结果填入附件 B，并作为支撑材料（勿改变文件名）随论文一起提交。 附件 1 的数据说明,cumcm/question_solutions/2021/C/q04/solution.py,cumcm/question_results/2021/C/q04/result.json,cumcm/question_reports/2021/C/q04/report.md,cumcm/question_artifacts/2021/C/q04/experiment_table.csv,5
2021-C,2021,C,5,问题 1,企业的订货量：第一列为供应商的名称； 第二列为供应商供应原材料的类别； 第三列及以后共240 列为企业向各供应商每周的订货量 （单位： 立方米） ； 数值 “0”表 示相应的周（所在列）没有向供应商（所在行）订货。,cumcm/question_solutions/2021/C/q05/solution.py,cumcm/question_results/2021/C/q05/result.json,cumcm/question_reports/2021/C/q05/report.md,cumcm/question_artifacts/2021/C/q05/experiment_table.csv,5
2021-C,2021,C,6,问题 2,供应商的供货量：第一列为供应商的名称； 第二列为供应商供应原材料的类别； 第三列及以后共240 列为各供应商每周的供货量 （单位： 立方米） ； 数值 “0” 表示相应 的周（所在列）供应商（所在行）没有供货。 附件 2 的数据说明 第一列为转运商的名称； 第二列及以后共240 列为每周各转运商的运输损耗率 （%）， 即 100%−=供货量 接收量损耗率 供货量 ；数值“0”表示没有运送。,cumcm/question_solutions/2021/C/q06/solution.py,cumcm/question_results/2021/C/q06/result.json,cumcm/question_reports/2021/C/q06/report.md,cumcm/question_artifacts/2021/C/q06/experiment_table.csv,5
2021-D,2021,D,1,问题 1,在满足基本要求和正常要求的条件下，依据尾坯长度制定出最优的 切割方案。假定用户目标值为 9.5 米，目标范围为 9.0~10.0 米，对以下尾坯长 度：109.0、93.4、80.9、72.0、62.7、52.5、44.9、42.7、31.6、22.7、14.5 和13.7（单位：米） ，按“尾坯长度、切割方案、切割损失”等内容列表给出具 体的最优切割方案。,cumcm/question_solutions/2021/D/q01/solution.py,cumcm/question_results/2021/D/q01/result.json,cumcm/question_reports/2021/D/q01/report.md,cumcm/question_artifacts/2021/D/q01/experiment_table.csv,1
2021-D,2021,D,2,问题 2,在结晶器出现异常时，给出实时的最优切割方案：(1)在钢坯第 1 次出现报废段时，给出此段钢坯的切割方案；(2)在出现新的报废段后 （如图2）， 给出新一段钢坯的切割方案和当前段钢坯切割的调整方案，或声明不作调整。 假设结晶器出现异常的时刻在 0.0、45.6、98.6、131.5、190.8、233.3、 266.0、270.7 和327.9（单位：分钟） ， 用户目标值是9.5 米， 目标范围是9.0~10.0 米。在满足基本要求和正常要求的条件下， 按 “初始切割方案、 调整后的切割方 案、切割损失”等内容列表给出这些时刻具体的最优切割方案。,cumcm/question_solutions/2021/D/q02/solution.py,cumcm/question_results/2021/D/q02/result.json,cumcm/question_reports/2021/D/q02/report.md,cumcm/question_artifacts/2021/D/q02/experiment_table.csv,1
2021-D,2021,D,3,问题 3,"假设实时最优切割方案和结晶器出现异常的时刻均与问题 2 相同， 在满足基本要求和正常要求的条件下，对（1）用户目标值是 8.5 米，目标范围 是 8.0~9.0 米,（2）用户目标值是 11.1 米，目标范围是10.6~11.6 米两种情况 分别按 “初始切割方案、 调整后的切割方案、 切割损失” 等内容给出具体的最优 切割方案。 附录：参数与要求 工艺参数：切割机切断一块钢坯的时间为3 分钟，切割后，返回到工作起点 的时间为 1 分钟。从结晶器中心到切割机工作起点处钢坯的长度是 60.0 米，连 铸拉坯的速度为1.0 米/分钟。当结晶器出现异常时，报废段的长度是 0.8 米。 基本要求：切割后的钢坯长度必须在 4.8~12.6 米之间，否则无法运走，阻 碍生产。下道工序能够接受的钢坯长度是 8.0~11.6 米，如果不在此范围内，可 以将钢坯运走进行二次离线切割，但切割下的部分报废，从而产生损失。例如， 12.6 米的钢坯切掉1.0 米变成 11.6 米，切下来的1.0 米报废；而小于 8.0 米的 钢坯只能全部报废。 正常要求：正常切割是按照用户要求的长度进行切割。 用户要求包含目标值 和目标范围， 钢坯的切割长度应尽量满足目标值，而在目标范围内的长度也是可 以接受的。例如，目标值是 9.5 米，目标范围是 9.0~10.0 米，则切割长度尽量 是 9.5 米，而在 9.0~10.0 米之间的长度是允许的。当钢坯长度不在目标范围内 时，会产生损失。例如，钢坯长度是11.6 米，多出来的1.6 米报废。",cumcm/question_solutions/2021/D/q03/solution.py,cumcm/question_results/2021/D/q03/result.json,cumcm/question_reports/2021/D/q03/report.md,cumcm/question_artifacts/2021/D/q03/experiment_table.csv,1
2021-E,2021,E,1,问题 1,根据附件 1 中几种药材的中红外光谱数据，研究不同种类药材的特 征和差异性，并鉴别药材的种类。,cumcm/question_solutions/2021/E/q01/solution.py,cumcm/question_results/2021/E/q01/result.json,cumcm/question_reports/2021/E/q01/report.md,cumcm/question_artifacts/2021/E/q01/experiment_table.csv,5
2021-E,2021,E,2,问题 2,根据附件 2 中某一种药材的中红外光谱数据，分析不同产地药材的 特征和差异性，试鉴别药材的产地，并将下表中所给出编号的药材产地的鉴别结 果填入表格中。 No 3 14 38 48 58 71 79 86 89 110 134 152 227 331 618 OP,cumcm/question_solutions/2021/E/q02/solution.py,cumcm/question_results/2021/E/q02/result.json,cumcm/question_reports/2021/E/q02/report.md,cumcm/question_artifacts/2021/E/q02/experiment_table.csv,5
2021-E,2021,E,3,问题 3,根据附件 3 中某一种药材的近红外和中红外数据，试鉴别该种药材 的产地，并将下表中所给出编号的药材产地的鉴别结果填入表中。 No 4 15 22 30 34 45 74 114 170 209 OP,cumcm/question_solutions/2021/E/q03/solution.py,cumcm/question_results/2021/E/q03/result.json,cumcm/question_reports/2021/E/q03/report.md,cumcm/question_artifacts/2021/E/q03/experiment_table.csv,5
2021-E,2021,E,4,问题 4,附件 4 给出了几种药材的近红外光谱数据，试鉴别药材的类别与产 地，并将下表中所给出编号的药材类别与产地的鉴别结果填入表各中。 No 94 109 140 278 308 330 347 Class OP,cumcm/question_solutions/2021/E/q04/solution.py,cumcm/question_results/2021/E/q04/result.json,cumcm/question_reports/2021/E/q04/report.md,cumcm/question_artifacts/2021/E/q04/experiment_table.csv,5
2022-B,2022,B,1,问题 1,编队由 10 架无人机组成，形成圆形编队，其中 9 架无人机（编号 FY01~FY09）均 匀分布在某一圆周上，另 1 架无人机（编号 FY00）位于圆心（见图 2）。无人机基于自身感知 的高度信息，均保持在同一个高度上飞行。,cumcm/question_solutions/2022/B/q01/solution.py,cumcm/question_results/2022/B/q01/result.json,cumcm/question_reports/2022/B/q01/report.md,cumcm/question_artifacts/2022/B/q01/experiment_table.csv,0
2022-B,2022,B,2,问题 2,实际飞行中， 无人机集群也可以是其他编队队形，例如锥形编队队形（见图 3，直 线上相邻两架无人机的间距相等，如 50 m）。仍考虑纯方位无源定位的情形，设计无人机位置 调整方案。,cumcm/question_solutions/2022/B/q02/solution.py,cumcm/question_results/2022/B/q02/result.json,cumcm/question_reports/2022/B/q02/report.md,cumcm/question_artifacts/2022/B/q02/experiment_table.csv,0
2022-D,2022,D,1,问题 1,(1) 要求在 𝐾 分钟内完成 𝑁 (≥ 5) 支分队主站间气象报文的信息共享，请研究 𝐾 的最小值与 𝑁 的关系，并建立 𝐾 分钟内实现 𝑁 个主站间气象报文信息共享的一般传输 模型。 (2) 在上述模型中， 取 𝑁 = 9， 给出 𝐾 的相应最小值， 并根据一般传输模型给出此时主站 间气象报文的信息共享方案，将结果按表 1 的格式填报。填报结果时，注意消息的完整性，例 如：在“发送信息所属站点序号”一栏中填写“5”，表示本轮所发送消息来自于第 5 号主站，,cumcm/question_solutions/2022/D/q01/solution.py,cumcm/question_results/2022/D/q01/result.json,cumcm/question_reports/2022/D/q01/report.md,cumcm/question_artifacts/2022/D/q01/experiment_table.csv,0
2022-D,2022,D,2,问题 2,为了提高气象信息的地理密度，除了实现主站间气象报文的信息共享外，还需要 使用副站气象信息加以补充。 (1) 若要求在 𝐾 分钟内完成 𝑁 个主站间气象报文的信息共享，且每个主站满足条件：对 每支分队， 成功接收该分队至少一个副站的气象报文的概率不低于0.9。 请就 𝐾 (≥ 5) 的情形， 研究 𝑁 的最大值与 𝐾 的关系，并建立 𝐾 分钟内满足以上条件的信息传输的一般模型。若主 站间气象报文信息共享的传输方案与问题 1 相同，则只需给出副站气象报文的传输方案。 (2) 对于 𝐾 = 7， 给出 𝑁 的最大值， 并根据一般传输模型给出此时副站气象报文的传输方 案，将结果按表 2 的格式填报。求出在你们的传输方案下平均有多少个主站能成功接收每支分 队至少一个副站的气象报文，以及任一主站平均能成功接收多少个副站的气象报文。,cumcm/question_solutions/2022/D/q02/solution.py,cumcm/question_results/2022/D/q02/result.json,cumcm/question_reports/2022/D/q02/report.md,cumcm/question_artifacts/2022/D/q02/experiment_table.csv,0
2022-D,2022,D,3,问题 3,若要求在 𝐾 = 8 分钟内完成 𝑁 个主站间气象报文的信息共享，且每个主站满足 条件： 对每支分队， 成功接收该分队至少一个副站的气象报文的概率不低于0.97， 请给出 𝑁 的 最大值，并给出此时主站间气象报文信息共享的传输方案与副站气象报文信息的传输方案，将 前者按表 1 的格式填报，后者按表 2 的格式填报。求出在你们的传输方案下平均有多少个主站 能成功接收每支分队至少一个副站的气象报文，以及任一个主站平均能成功接收多少个副站的 气象报文。,cumcm/question_solutions/2022/D/q03/solution.py,cumcm/question_results/2022/D/q03/result.json,cumcm/question_reports/2022/D/q03/report.md,cumcm/question_artifacts/2022/D/q03/experiment_table.csv,0
2023-D,2023,D,1,问题 1,不考虑不确定因素和种羊的淘汰更新，假定自然交配期 20 天，母羊都能受孕，孕 期 149 天，每胎产羔 2 只，哺乳期 40 天，羔羊育肥期 210 天，母羊空怀休整期 20 天。该湖羊 养殖场现有 112 个标准羊栏，在实现连续生产的条件下，试确定养殖场种公羊与基础母羊的合 理数量， 并估算年化出栏羊只数量的范围。 若该养殖场希望每年出栏不少于 1500 只羊，试估算 现有标准羊栏数量的缺口。,cumcm/question_solutions/2023/D/q01/solution.py,cumcm/question_results/2023/D/q01/result.json,cumcm/question_reports/2023/D/q01/report.md,cumcm/question_artifacts/2023/D/q01/experiment_table.csv,0
2023-D,2023,D,2,问题 2,在问题 1 的基础上，对 112 个标准羊栏给出具体的生产计划（包括种公羊与基础 母羊的配种时机和数量、羊栏的使用方案、年化出栏羊只数量等），使得年化出栏羊只数量最 大。,cumcm/question_solutions/2023/D/q02/solution.py,cumcm/question_results/2023/D/q02/result.json,cumcm/question_reports/2023/D/q02/report.md,cumcm/question_artifacts/2023/D/q02/experiment_table.csv,0
2023-D,2023,D,3,问题 3,问题 1 和问题 2 中用到的数据都没有考虑不确定性，一旦决定了什么时间开始对 多少可配种的基础母羊进行配种，后续对羊栏的安排和需求也就随之确定。例如，用 3 个羊栏 给 42 只母羊进行配种，孕期需要 6 个羊栏，哺乳期需要 7 个羊栏给怀孕母羊分娩和哺乳， 哺乳 期结束就需要给 84 只断奶羔羊和 42 只母羊共安排 9 个羊栏进行育肥和休整。但实际情况并非 如此，配种成功率、分娩羔羊的数目和死亡率等都有不确定性，哺乳时间也可以调控，这些都 会影响空间需求。 现根据经验作以下考虑： (1) 母羊通过自然交配受孕率为 85%，交配期结束后 30 天可识别出是否成功受孕； (2) 在自然交配的 20 天中受孕母羊的受孕时间并不确知，而孕期会在 147-150 天内波动， 这些因素将影响到预产期范围； (3) 怀孕母羊分娩时一般每胎产羔 2 只，少部分每胎产羔 1 只或 3 只及以上，目前尚没有 实用手段控制或提前得知产羔数。羔羊出生时，有夭折的可能，多羔死亡率高于正常。通常可 以按平均每胎产羔 2.2 只、羔羊平均死亡率 3%估算。 (4) 母羊哺乳期过短不利于羔羊后期的生长，通常是羔羊体重达到一定标准后断奶；而哺乳 期过长，母羊的身体消耗就越大，早点断奶，有利于早恢复、早发情配种。一种经验做法是将 哺乳期控制在 35-45 天内，以 40 天为基准，哺乳期每减少1 天，羔羊的育肥期增加2 天；哺乳 期每增加 1 天， 羔羊的育肥期减少2 天。除此之外， 母羊的空怀休整期可在不少于18 天的前提 下灵活调控。 此外，如有必要，允许分娩日期相差不超过 7 天的哺乳期母羊及所产羔羊同栏，允许断奶 日期相差不超过 7 天的育肥期羔羊同栏，允许断奶日期相差不超过 7 天的休整期母羊同栏。为 简化问题，不考虑母羊流产、死亡以及羔羊在哺乳期或育肥期夭折和个体发育快慢等情况。 在以上不确定性的考虑下，生产计划的制定与问题 1 和问题 2 将有较大的不同：一旦作出 了“什么时间开始对多少可配种的基础母羊进行配种”的决定，后续羊栏的需求和安排不再是 随之确定的， 而是每一步都会出现若干种可能的情况需要作相应的并遵从基本规则的安排处理， 但无法改变或调整上一步。因此，某种意义上，本问题要讨论研究的生产计划将是一个应对多 种可能情况的“预案集”。 请综合考虑可行性和年化出栏羊只数量，制定具体的生产计划，使得整体方案的期望损失 最小。其中整体方案的损失由羊栏使用情况决定，当羊栏空置时， 每栏每天的损失为1； 当羊栏 数量不够时，所缺的羊栏每栏每天的损失（即租用费）为 3。,cumcm/question_solutions/2023/D/q03/solution.py,cumcm/question_results/2023/D/q03/result.json,cumcm/question_reports/2023/D/q03/report.md,cumcm/question_artifacts/2023/D/q03/experiment_table.csv,0
2024-A,2024,A,1,问题 1,舞龙队沿螺距为 55 cm 的等距螺线顺时针盘入，各把手中心均位于螺线上。龙 头前把手的行进速度始终保持 1 m/s。初始时，龙头位于螺线第 16 圈 A 点处（见图 4）。请 给出从初始时刻到 300 s 为止，每秒整个舞龙队的位置和速度（指龙头、龙身和龙尾各前把 手及龙尾后把手中心的位置和速度，下同），将结果保存到文件 result1.xlsx 中（模板文件见 附件，其中“龙尾 （后）”表示龙尾后把手， 其余的均是前把手，结果保留 6 位小数， 下同）。 同时在论文中给出 0 s、60 s、120 s、180 s、240 s、300 s 时，龙头前把手、龙头后面第 1、 51、101、151、201 节龙身前把手和龙尾后把手的位置和速度（格式见表 1 和表 2）。 27.5 cm 第 2 个孔，孔径 5.5 cm 27.5 cm 第 1 个孔，孔径 5.5 cm 30 cm 27.5 cm 27.5 cm 30 cm 220 cm 第 2 个孔， 孔径 5.5 cm 第 1 个孔， 孔径 5.5 cm 27.5 cm 27.5 cm 前一节龙身后部 后一节龙身前部 前把手 341 cm 2,cumcm/question_solutions/2024/A/q01/solution.py,cumcm/question_results/2024/A/q01/result.json,cumcm/question_reports/2024/A/q01/report.md,cumcm/question_artifacts/2024/A/q01/experiment_table.csv,4
2024-A,2024,A,2,问题 2,舞龙队沿问题 1 设定的螺线盘入， 请确定舞龙队盘入的终止时刻， 使得板凳之 间不发生碰撞（即舞龙队不能再继续盘入的时间），并给出此时舞龙队的位置和速度，将结 果存放到文件 result2.xlsx 中（模板文件见附件）。同时在论文中给出此时龙头前把手、龙头 后面第 1、51、101、151、201 条龙身前把手和龙尾后把手的位置和速度。,cumcm/question_solutions/2024/A/q02/solution.py,cumcm/question_results/2024/A/q02/result.json,cumcm/question_reports/2024/A/q02/report.md,cumcm/question_artifacts/2024/A/q02/experiment_table.csv,4
2024-A,2024,A,3,问题 3,从盘入到盘出， 舞龙队将由顺时针盘入调头切换为逆时针盘出，这需要一定的 调头空间。若调头空间是以螺线中心为圆心、直径为 9 m 的圆形区域（见图 5），请确定最 小螺距，使得龙头前把手能够沿着相应的螺线盘入到调头空间的边界。,cumcm/question_solutions/2024/A/q03/solution.py,cumcm/question_results/2024/A/q03/result.json,cumcm/question_reports/2024/A/q03/report.md,cumcm/question_artifacts/2024/A/q03/experiment_table.csv,4
2024-A,2024,A,4,问题 4,盘入螺线的螺距为 1.7 m，盘出螺线与盘入螺线关于螺线中心呈中心对称，舞 龙队在问题 3 设定的调头空间内完成调头，调头路径是由两段圆弧相切连接而成的 S 形曲 线，前一段圆弧的半径是后一段的 2 倍， 它与盘入、盘出螺线均相切。能否调整圆弧， 仍保 持各部分相切，使得调头曲线变短？ 龙头前把手的行进速度始终保持 1 m/s。以调头开始时间为零时刻， 给出从−100 s 开始 到100 s 为止， 每秒舞龙队的位置和速度， 将结果存放到文件result4.xlsx 中 （模板文件见附 件） 。 同时在论文中给出−100 s、−50 s、0 s、50 s、100 s 时，龙头前把手、 龙头后面第1、 51、101、151、201 节龙身前把手和龙尾后把手的位置和速度。,cumcm/question_solutions/2024/A/q04/solution.py,cumcm/question_results/2024/A/q04/result.json,cumcm/question_reports/2024/A/q04/report.md,cumcm/question_artifacts/2024/A/q04/experiment_table.csv,4
2024-A,2024,A,5,问题 5,舞龙队沿问题 4 设定的路径行进，龙头行进速度保持不变， 请确定龙头的最大 行进速度，使得舞龙队各把手的速度均不超过 2 m/s。 调头空间,cumcm/question_solutions/2024/A/q05/solution.py,cumcm/question_results/2024/A/q05/result.json,cumcm/question_reports/2024/A/q05/report.md,cumcm/question_artifacts/2024/A/q05/experiment_table.csv,4
2024-B,2024,B,1,问题 1,供应商声称一批零配件（零配件 1 或零配件 2）的次品率不会超过某个标称值。 企业准备采用抽样检测方法决定是否接收从供应商购买的这批零配件， 检测费用由企业自行 承担。请为企业设计检测次数尽可能少的抽样检测方案。 如果标称值为 10%，根据你们的抽样检测方案， 针对以下两种情形， 分别给出具体结果： (1) 在 95%的信度下认定零配件次品率超过标称值，则拒收这批零配件； (2) 在 90%的信度下认定零配件次品率不超过标称值，则接收这批零配件。,cumcm/question_solutions/2024/B/q01/solution.py,cumcm/question_results/2024/B/q01/result.json,cumcm/question_reports/2024/B/q01/report.md,cumcm/question_artifacts/2024/B/q01/experiment_table.csv,1
2024-B,2024,B,2,问题 2,已知两种零配件和成品次品率，请为企业生产过程的各个阶段作出决策： (1) 对零配件（零配件 1 和/或零配件 2）是否进行检测，如果对某种零配件不检测，这 种零配件将直接进入到装配环节；否则将检测出的不合格零配件丢弃； (2) 对装配好的每一件成品是否进行检测， 如果不检测， 装配后的成品直接进入到市场； 否则只有检测合格的成品进入到市场； (3) 对检测出的不合格成品是否进行拆解，如果不拆解，直接将不合格成品丢弃；否则 对拆解后的零配件，重复步骤(1)和步骤(2)； (4) 对用户购买的不合格品，企业将无条件予以调换，并产生一定的调换损失（如物流 成本、企业信誉等）。对退回的不合格品，重复步骤(3)。 请根据你们所做的决策， 对表 1 中的情形给出具体的决策方案，并给出决策的依据及相 应的指标结果。,cumcm/question_solutions/2024/B/q02/solution.py,cumcm/question_results/2024/B/q02/result.json,cumcm/question_reports/2024/B/q02/report.md,cumcm/question_artifacts/2024/B/q02/experiment_table.csv,1
2024-B,2024,B,3,问题 3,对 𝑚 道工序、𝑛 个零配件，已知零配件、半成品和成品的次品率，重复问题 2， 给出生产过程的决策方案。图 1 给出了 2 道工序、8 个零配件的情况，具体数值由表 2 给 出。,cumcm/question_solutions/2024/B/q03/solution.py,cumcm/question_results/2024/B/q03/result.json,cumcm/question_reports/2024/B/q03/report.md,cumcm/question_artifacts/2024/B/q03/experiment_table.csv,1
2024-B,2024,B,4,问题 4,假设问题 2 和问题 3 中零配件、 半成品和成品的次品率均是通过抽样检测方法 （例如，你在问题 1 中使用的方法）得到的，请重新完成问题 2 和问题 3。 附录 说明 (1) 半成品、成品的次品率是将正品零配件（或者半成品）装配后的产品次品率； (2) 不合格成品中的调换损失是指除调换次品之外的损失 （如： 物流成本、企业信誉等） 。 (3) 购买单价、 检测成本、 装配成本、 市场售价、 调换损失和拆解费用的单位均为元/件。,cumcm/question_solutions/2024/B/q04/solution.py,cumcm/question_results/2024/B/q04/result.json,cumcm/question_reports/2024/B/q04/report.md,cumcm/question_artifacts/2024/B/q04/experiment_table.csv,1
2024-C,2024,C,1,问题 1,假定各种农作物未来的预期销售量、种植成本、亩产量和销售价格相对于 2023 年保持 稳定，每季种植的农作物在当季销售。如果某种作物每季的总产量超过相应的预期销售量，超过部 分不能正常销售。请针对以下两种情况，分别给出该乡村 2024~2030 年农作物的最优种植方案，将 结果分别填入 result1_1.xlsx 和 result1_2.xlsx 中（模板文件见附件 3）。 (1) 超过部分滞销，造成浪费； (2) 超过部分按 2023 年销售价格的 50%降价出售。,cumcm/question_solutions/2024/C/q01/solution.py,cumcm/question_results/2024/C/q01/result.json,cumcm/question_reports/2024/C/q01/report.md,cumcm/question_artifacts/2024/C/q01/experiment_table.csv,6
2024-C,2024,C,2,问题 2,根据经验，小麦和玉米未来的预期销售量有增长的趋势，平均年增长率介于5%~10% 之间， 其他农作物未来每年的预期销售量相对于 2023 年大约有±5%的变化。农作物的亩产量往往会 受气候等因素的影响， 每年会有±10%的变化。因受市场条件影响，农作物的种植成本平均每年增长 5%左右。粮食类作物的销售价格基本稳定；蔬菜类作物的销售价格有增长的趋势， 平均每年增长5% 左右。食用菌的销售价格稳中有降， 大约每年可下降1%~5%， 特别是羊肚菌的销售价格每年下降幅 度为5%。 请综合考虑各种农作物的预期销售量、亩产量、种植成本和销售价格的不确定性以及潜在的种 植风险，给出该乡村 2024~2030 年农作物的最优种植方案，将结果填入 result2.xlsx 中（模板文件见 附件 3）。,cumcm/question_solutions/2024/C/q02/solution.py,cumcm/question_results/2024/C/q02/result.json,cumcm/question_reports/2024/C/q02/report.md,cumcm/question_artifacts/2024/C/q02/experiment_table.csv,6
2024-C,2024,C,3,问题 3,在现实生活中，各种农作物之间可能存在一定的可替代性和互补性，预期销售量与销 售价格、种植成本之间也存在一定的相关性。请在问题 2 的基础上综合考虑相关因素，给出该乡村 2024~2030 年农作物的最优种植策略，通过模拟数据进行求解，并与问题 2 的结果作比较分析。 附件 1 乡村现有耕地和农作物的基本情况 附件 2 2023 年乡村农作物种植和相关统计数据 附件 3 须提交结果的模板文件（result1_1.xlsx，result1_2.xlsx，result2.xlsx）,cumcm/question_solutions/2024/C/q03/solution.py,cumcm/question_results/2024/C/q03/result.json,cumcm/question_reports/2024/C/q03/report.md,cumcm/question_artifacts/2024/C/q03/experiment_table.csv,6
2024-D,2024,D,1,问题 1,投射一枚深弹，潜艇中心位置的深度定位没有误差， 两个水平坐标定位均服从 正态分布。分析投弹最大命中概率与投弹落点平面坐标及定深引信引爆深度之间的关系， 并 给出使得投弹命中概率最大的投弹方案，及相应的最大命中概率表达式。 针对以下参数值给出最大命中概率：潜艇长 100 m，宽 20 m，高 25 m，潜艇航向方位 角为 90∘，深弹杀伤半径为 20 m，潜艇中心位置的水平定位标准差 𝜎 = 120 m，潜艇中心 位置的深度定位值为 150 m.,cumcm/question_solutions/2024/D/q01/solution.py,cumcm/question_results/2024/D/q01/result.json,cumcm/question_reports/2024/D/q01/report.md,cumcm/question_artifacts/2024/D/q01/experiment_table.csv,1
2024-D,2024,D,2,问题 2,仍投射一枚深弹，潜艇中心位置各方向的定位均有误差。 请给出投弹命中概率 的表达式。 针对以下参数，设计定深引信引爆深度， 使得投弹命中概率最大： 潜艇中心位置的深度 定位值为 150 m，标准差 𝜎𝑧 = 40 m，潜艇中心位置实际深度的最小值为 120 m，其他参 数同问题 1。,cumcm/question_solutions/2024/D/q02/solution.py,cumcm/question_results/2024/D/q02/result.json,cumcm/question_reports/2024/D/q02/report.md,cumcm/question_artifacts/2024/D/q02/experiment_table.csv,1
2024-D,2024,D,3,问题 3,由于单枚深弹命中率较低，为了增强杀伤效果，通常需要投掷多枚深弹。若一 架反潜飞机可携带 9 枚航空深弹， 所有深弹的定深引信引爆深度均相同， 投弹落点在平面上 呈阵列形状（见图 2） 。在问题2 的参数下，请设计投弹方案（包括定深引信引爆深度，以 及投弹落点之间的平面间隔） ，使得投弹命中（指至少一枚深弹命中潜艇）的概率最大。,cumcm/question_solutions/2024/D/q03/solution.py,cumcm/question_results/2024/D/q03/result.json,cumcm/question_reports/2024/D/q03/report.md,cumcm/question_artifacts/2024/D/q03/experiment_table.csv,1
2024-E,2024,E,1,问题 1,对经中路-纬中路交叉口，根据车流量的差异，可将一天分成若干个时段，估 计不同时段各个相位（包括四个方向直行、转弯）车流量。,cumcm/question_solutions/2024/E/q01/solution.py,cumcm/question_results/2024/E/q01/result.json,cumcm/question_reports/2024/E/q01/report.md,cumcm/question_artifacts/2024/E/q01/experiment_table.csv,4
2024-E,2024,E,2,问题 2,根据所给数据和上述模型，对经中路和纬中路上所有交叉口的信号灯进行优 化配置，在保证车辆通行的前提下，使得两条主路上的车流平均速度最大。,cumcm/question_solutions/2024/E/q02/solution.py,cumcm/question_results/2024/E/q02/result.json,cumcm/question_reports/2024/E/q02/report.md,cumcm/question_artifacts/2024/E/q02/experiment_table.csv,4
2024-E,2024,E,3,问题 3,对五一黄金周期间的数据进行分析，判定寻找停车位的巡游车辆，并估算假 期景区需要临时征用多少停车位才能满足需求？,cumcm/question_solutions/2024/E/q03/solution.py,cumcm/question_results/2024/E/q03/result.json,cumcm/question_reports/2024/E/q03/report.md,cumcm/question_artifacts/2024/E/q03/experiment_table.csv,4
2024-E,2024,E,4,问题 4,五一黄金周期间，该小镇对景区周边道路实行了临时性交通管理措施，具体 管控措施见附件 3。请结合数据评价临时管控措施在两条主路上的效果。 附件 1 路段行驶方向编号及交叉口之间的距离 附件 2 纬中路各交叉口车辆信息 附件 3 五一黄金周期间交通管控措施,cumcm/question_solutions/2024/E/q04/solution.py,cumcm/question_results/2024/E/q04/result.json,cumcm/question_reports/2024/E/q04/report.md,cumcm/question_artifacts/2024/E/q04/experiment_table.csv,4
