contest,year,problem,level,entry_id,size_mb,relative_path,public_url
cumcm,2010,A,advanced,2010-A-advanced,0.40,cumcm/2010-A/advanced/main.pdf,
cumcm,2010,A,baseline,2010-A-baseline,0.42,cumcm/2010-A/baseline/main.pdf,
cumcm,2010,B,advanced,2010-B-advanced,0.39,cumcm/2010-B/advanced/main.pdf,
cumcm,2010,B,baseline,2010-B-baseline,0.40,cumcm/2010-B/baseline/main.pdf,
cumcm,2010,C,advanced,2010-C-advanced,0.38,cumcm/2010-C/advanced/main.pdf,
cumcm,2010,C,baseline,2010-C-baseline,0.35,cumcm/2010-C/baseline/main.pdf,
cumcm,2010,D,advanced,2010-D-advanced,0.46,cumcm/2010-D/advanced/main.pdf,
cumcm,2010,D,baseline,2010-D-baseline,0.43,cumcm/2010-D/baseline/main.pdf,
cumcm,2011,A,advanced,2011-A-advanced,0.49,cumcm/2011-A/advanced/main.pdf,
cumcm,2011,A,baseline,2011-A-baseline,0.45,cumcm/2011-A/baseline/main.pdf,
cumcm,2011,B,advanced,2011-B-advanced,0.48,cumcm/2011-B/advanced/main.pdf,
cumcm,2011,B,baseline,2011-B-baseline,0.43,cumcm/2011-B/baseline/main.pdf,
cumcm,2011,C,advanced,2011-C-advanced,0.43,cumcm/2011-C/advanced/main.pdf,
cumcm,2011,C,baseline,2011-C-baseline,0.40,cumcm/2011-C/baseline/main.pdf,
cumcm,2011,D,advanced,2011-D-advanced,0.40,cumcm/2011-D/advanced/main.pdf,
cumcm,2011,D,baseline,2011-D-baseline,0.41,cumcm/2011-D/baseline/main.pdf,
cumcm,2014,A,advanced,2014-A-advanced,0.50,cumcm/2014-A/advanced/main.pdf,
cumcm,2014,A,baseline,2014-A-baseline,0.39,cumcm/2014-A/baseline/main.pdf,
cumcm,2014,B,advanced,2014-B-advanced,0.38,cumcm/2014-B/advanced/main.pdf,
cumcm,2014,B,baseline,2014-B-baseline,0.40,cumcm/2014-B/baseline/main.pdf,
cumcm,2014,C,advanced,2014-C-advanced,0.44,cumcm/2014-C/advanced/main.pdf,
cumcm,2014,C,baseline,2014-C-baseline,0.41,cumcm/2014-C/baseline/main.pdf,
cumcm,2014,D,advanced,2014-D-advanced,0.38,cumcm/2014-D/advanced/main.pdf,
cumcm,2014,D,baseline,2014-D-baseline,0.40,cumcm/2014-D/baseline/main.pdf,
cumcm,2015,A,outstanding,A095,1.54,outstanding/cumcm/2015-A/A095/pdf/A095.pdf,
cumcm,2015,A,outstanding,A135,2.88,outstanding/cumcm/2015-A/A135/pdf/A135.pdf,
cumcm,2015,A,advanced,2015-A-advanced,0.45,cumcm/2015-A/advanced/main.pdf,
cumcm,2015,A,baseline,2015-A-baseline,0.43,cumcm/2015-A/baseline/main.pdf,
cumcm,2015,B,outstanding,B006,2.80,outstanding/cumcm/2015-B/B006/pdf/B006.pdf,
cumcm,2015,B,outstanding,B013,1.10,outstanding/cumcm/2015-B/B013/pdf/B013.pdf,
cumcm,2015,B,outstanding,B285,4.76,outstanding/cumcm/2015-B/B285/pdf/B285.pdf,
cumcm,2015,B,outstanding,B309,4.59,outstanding/cumcm/2015-B/B309/pdf/B309.pdf,
cumcm,2015,B,outstanding,B340,1.66,outstanding/cumcm/2015-B/B340/pdf/B340.pdf,
cumcm,2015,B,advanced,2015-B-advanced,0.41,cumcm/2015-B/advanced/main.pdf,
cumcm,2015,B,baseline,2015-B-baseline,0.46,cumcm/2015-B/baseline/main.pdf,
cumcm,2015,C,advanced,2015-C-advanced,0.45,cumcm/2015-C/advanced/main.pdf,
cumcm,2015,C,baseline,2015-C-baseline,0.44,cumcm/2015-C/baseline/main.pdf,
cumcm,2015,D,advanced,2015-D-advanced,0.48,cumcm/2015-D/advanced/main.pdf,
cumcm,2015,D,baseline,2015-D-baseline,0.37,cumcm/2015-D/baseline/main.pdf,
cumcm,2016,A,outstanding,A028,1.71,outstanding/cumcm/2016-A/A028/pdf/A028.pdf,
cumcm,2016,A,outstanding,A140,0.98,outstanding/cumcm/2016-A/A140/pdf/A140.pdf,
cumcm,2016,A,outstanding,A194,1.49,outstanding/cumcm/2016-A/A194/pdf/A194.pdf,
cumcm,2016,A,outstanding,A433,1.46,outstanding/cumcm/2016-A/A433/pdf/A433.pdf,
cumcm,2016,A,advanced,2016-A-advanced,0.42,cumcm/2016-A/advanced/main.pdf,
cumcm,2016,A,baseline,2016-A-baseline,0.39,cumcm/2016-A/baseline/main.pdf,
cumcm,2016,B,outstanding,B022,1.39,outstanding/cumcm/2016-B/B022/pdf/B022.pdf,
cumcm,2016,B,outstanding,B044,1.49,outstanding/cumcm/2016-B/B044/pdf/B044.pdf,
cumcm,2016,B,outstanding,B067,0.77,outstanding/cumcm/2016-B/B067/pdf/B067.pdf,
cumcm,2016,B,outstanding,B294,0.95,outstanding/cumcm/2016-B/B294/pdf/B294.pdf,
cumcm,2016,B,advanced,2016-B-advanced,0.57,cumcm/2016-B/advanced/main.pdf,
cumcm,2016,B,baseline,2016-B-baseline,0.42,cumcm/2016-B/baseline/main.pdf,
cumcm,2016,C,outstanding,C014,1.08,outstanding/cumcm/2016-C/C014/pdf/C014.pdf,
cumcm,2016,C,advanced,2016-C-advanced,0.37,cumcm/2016-C/advanced/main.pdf,
cumcm,2016,C,baseline,2016-C-baseline,0.34,cumcm/2016-C/baseline/main.pdf,
cumcm,2016,D,outstanding,D056,3.79,outstanding/cumcm/2016-D/D056/pdf/D056.pdf,
cumcm,2016,D,advanced,2016-D-advanced,0.39,cumcm/2016-D/advanced/main.pdf,
cumcm,2016,D,baseline,2016-D-baseline,0.35,cumcm/2016-D/baseline/main.pdf,
cumcm,2017,A,outstanding,A053,1.54,outstanding/cumcm/2017-A/A053/pdf/A053.pdf,
cumcm,2017,A,outstanding,A090,2.06,outstanding/cumcm/2017-A/A090/pdf/A090.pdf,
cumcm,2017,A,outstanding,A156,1.14,outstanding/cumcm/2017-A/A156/pdf/A156.pdf,
cumcm,2017,A,outstanding,A298,1.78,outstanding/cumcm/2017-A/A298/pdf/A298.pdf,
cumcm,2017,A,outstanding,A328,2.43,outstanding/cumcm/2017-A/A328/pdf/A328.pdf,
cumcm,2017,A,advanced,2017-A-advanced,0.51,cumcm/2017-A/advanced/main.pdf,
cumcm,2017,A,baseline,2017-A-baseline,0.47,cumcm/2017-A/baseline/main.pdf,
cumcm,2017,B,outstanding,B104,1.25,outstanding/cumcm/2017-B/B104/pdf/B104.pdf,
cumcm,2017,B,outstanding,B154,3.19,outstanding/cumcm/2017-B/B154/pdf/B154.pdf,
cumcm,2017,B,outstanding,B248,1.56,outstanding/cumcm/2017-B/B248/pdf/B248.pdf,
cumcm,2017,B,outstanding,B264,0.70,outstanding/cumcm/2017-B/B264/pdf/B264.pdf,
cumcm,2017,B,outstanding,B315,1.82,outstanding/cumcm/2017-B/B315/pdf/B315.pdf,
cumcm,2017,B,outstanding,B353,3.10,outstanding/cumcm/2017-B/B353/pdf/B353.pdf,
cumcm,2017,B,outstanding,B447,3.97,outstanding/cumcm/2017-B/B447/pdf/B447.pdf,
cumcm,2017,B,advanced,2017-B-advanced,0.47,cumcm/2017-B/advanced/main.pdf,
cumcm,2017,B,baseline,2017-B-baseline,0.45,cumcm/2017-B/baseline/main.pdf,
cumcm,2017,C,outstanding,C002,1.59,outstanding/cumcm/2017-C/C002/pdf/C002.pdf,
cumcm,2017,C,outstanding,C007,2.28,outstanding/cumcm/2017-C/C007/pdf/C007.pdf,
cumcm,2017,C,outstanding,C047,1.23,outstanding/cumcm/2017-C/C047/pdf/C047.pdf,
cumcm,2017,C,advanced,2017-C-advanced,0.47,cumcm/2017-C/advanced/main.pdf,
cumcm,2017,C,baseline,2017-C-baseline,0.39,cumcm/2017-C/baseline/main.pdf,
cumcm,2017,D,outstanding,D002,1.84,outstanding/cumcm/2017-D/D002/pdf/D002.pdf,
cumcm,2017,D,outstanding,D018,2.13,outstanding/cumcm/2017-D/D018/pdf/D018.pdf,
cumcm,2017,D,outstanding,D035,0.93,outstanding/cumcm/2017-D/D035/pdf/D035.pdf,
cumcm,2017,D,advanced,2017-D-advanced,0.42,cumcm/2017-D/advanced/main.pdf,
cumcm,2017,D,baseline,2017-D-baseline,0.38,cumcm/2017-D/baseline/main.pdf,
cumcm,2018,A,outstanding,A229,0.78,outstanding/cumcm/2018-A/A229/pdf/A229.pdf,
cumcm,2018,A,outstanding,A401,1.56,outstanding/cumcm/2018-A/A401/pdf/A401.pdf,
cumcm,2018,A,outstanding,A440,1.51,outstanding/cumcm/2018-A/A440/pdf/A440.pdf,
cumcm,2018,A,outstanding,A466,2.04,outstanding/cumcm/2018-A/A466/pdf/A466.pdf,
cumcm,2018,A,advanced,2018-A-advanced,0.40,cumcm/2018-A/advanced/main.pdf,
cumcm,2018,A,baseline,2018-A-baseline,0.43,cumcm/2018-A/baseline/main.pdf,
cumcm,2018,B,outstanding,B203,2.53,outstanding/cumcm/2018-B/B203/pdf/B203.pdf,
cumcm,2018,B,outstanding,B225,3.12,outstanding/cumcm/2018-B/B225/pdf/B225.pdf,
cumcm,2018,B,outstanding,B334,0.57,outstanding/cumcm/2018-B/B334/pdf/B334.pdf,
cumcm,2018,B,advanced,2018-B-advanced,0.38,cumcm/2018-B/advanced/main.pdf,
cumcm,2018,B,baseline,2018-B-baseline,0.40,cumcm/2018-B/baseline/main.pdf,
cumcm,2018,C,outstanding,C008,0.69,outstanding/cumcm/2018-C/C008/pdf/C008.pdf,
cumcm,2018,C,outstanding,C052,1.15,outstanding/cumcm/2018-C/C052/pdf/C052.pdf,
cumcm,2018,C,outstanding,C101,0.55,outstanding/cumcm/2018-C/C101/pdf/C101.pdf,
cumcm,2018,C,advanced,2018-C-advanced,0.50,cumcm/2018-C/advanced/main.pdf,
cumcm,2018,C,baseline,2018-C-baseline,0.46,cumcm/2018-C/baseline/main.pdf,
cumcm,2018,D,outstanding,D014,3.03,outstanding/cumcm/2018-D/D014/pdf/D014.pdf,
cumcm,2018,D,outstanding,D027,3.07,outstanding/cumcm/2018-D/D027/pdf/D027.pdf,
cumcm,2018,D,outstanding,D029,3.68,outstanding/cumcm/2018-D/D029/pdf/D029.pdf,
cumcm,2018,D,advanced,2018-D-advanced,0.57,cumcm/2018-D/advanced/main.pdf,
cumcm,2018,D,baseline,2018-D-baseline,0.56,cumcm/2018-D/baseline/main.pdf,
cumcm,2019,A,outstanding,A023,6.27,outstanding/cumcm/2019-A/A023/pdf/A023.pdf,
cumcm,2019,A,outstanding,A190,4.00,outstanding/cumcm/2019-A/A190/pdf/A190.pdf,
cumcm,2019,A,outstanding,A240,2.54,outstanding/cumcm/2019-A/A240/pdf/A240.pdf,
cumcm,2019,A,advanced,2019-A-advanced,0.41,cumcm/2019-A/advanced/main.pdf,
cumcm,2019,A,baseline,2019-A-baseline,0.37,cumcm/2019-A/baseline/main.pdf,
cumcm,2019,B,outstanding,B047,4.04,outstanding/cumcm/2019-B/B047/pdf/B047.pdf,
cumcm,2019,B,outstanding,B057,2.08,outstanding/cumcm/2019-B/B057/pdf/B057.pdf,
cumcm,2019,B,outstanding,B136,3.03,outstanding/cumcm/2019-B/B136/pdf/B136.pdf,
cumcm,2019,B,advanced,2019-B-advanced,0.45,cumcm/2019-B/advanced/main.pdf,
cumcm,2019,B,baseline,2019-B-baseline,0.41,cumcm/2019-B/baseline/main.pdf,
cumcm,2019,C,outstanding,C044,3.42,outstanding/cumcm/2019-C/C044/pdf/C044.pdf,
cumcm,2019,C,outstanding,C137,4.93,outstanding/cumcm/2019-C/C137/pdf/C137.pdf,
cumcm,2019,C,outstanding,C308,3.15,outstanding/cumcm/2019-C/C308/pdf/C308.pdf,
cumcm,2019,C,advanced,2019-C-advanced,0.50,cumcm/2019-C/advanced/main.pdf,
cumcm,2019,C,baseline,2019-C-baseline,0.51,cumcm/2019-C/baseline/main.pdf,
cumcm,2019,D,outstanding,D001,3.27,outstanding/cumcm/2019-D/D001/pdf/D001.pdf,
cumcm,2019,D,outstanding,D005,3.72,outstanding/cumcm/2019-D/D005/pdf/D005.pdf,
cumcm,2019,D,outstanding,D013,3.07,outstanding/cumcm/2019-D/D013/pdf/D013.pdf,
cumcm,2019,D,outstanding,D048,2.84,outstanding/cumcm/2019-D/D048/pdf/D048.pdf,
cumcm,2019,D,advanced,2019-D-advanced,0.45,cumcm/2019-D/advanced/main.pdf,
cumcm,2019,D,baseline,2019-D-baseline,0.53,cumcm/2019-D/baseline/main.pdf,
cumcm,2019,E,outstanding,E003,4.99,outstanding/cumcm/2019-E/E003/pdf/E003.pdf,
cumcm,2019,E,outstanding,E008,4.34,outstanding/cumcm/2019-E/E008/pdf/E008.pdf,
cumcm,2019,E,outstanding,E026,2.11,outstanding/cumcm/2019-E/E026/pdf/E026.pdf,
cumcm,2019,E,outstanding,E038,1.88,outstanding/cumcm/2019-E/E038/pdf/E038.pdf,
cumcm,2019,E,advanced,2019-E-advanced,0.47,cumcm/2019-E/advanced/main.pdf,
cumcm,2019,E,baseline,2019-E-baseline,0.34,cumcm/2019-E/baseline/main.pdf,
cumcm,2020,A,outstanding,A070,11.85,outstanding/cumcm/2020-A/A070/pdf/A070.pdf,
cumcm,2020,A,outstanding,A147,32.51,outstanding/cumcm/2020-A/A147/pdf/A147.pdf,
cumcm,2020,A,outstanding,A195,15.63,outstanding/cumcm/2020-A/A195/pdf/A195.pdf,
cumcm,2020,A,outstanding,A212,11.05,outstanding/cumcm/2020-A/A212/pdf/A212.pdf,
cumcm,2020,A,advanced,2020-A-advanced,0.43,cumcm/2020-A/advanced/main.pdf,
cumcm,2020,A,baseline,2020-A-baseline,0.45,cumcm/2020-A/baseline/main.pdf,
cumcm,2020,B,outstanding,B078,22.34,outstanding/cumcm/2020-B/B078/pdf/B078.pdf,
cumcm,2020,B,outstanding,B108,44.17,outstanding/cumcm/2020-B/B108/pdf/B108.pdf,
cumcm,2020,B,outstanding,B125,13.14,outstanding/cumcm/2020-B/B125/pdf/B125.pdf,
cumcm,2020,B,outstanding,B175,15.15,outstanding/cumcm/2020-B/B175/pdf/B175.pdf,
cumcm,2020,B,advanced,2020-B-advanced,0.54,cumcm/2020-B/advanced/main.pdf,
cumcm,2020,B,baseline,2020-B-baseline,0.48,cumcm/2020-B/baseline/main.pdf,
cumcm,2020,C,outstanding,C109,41.32,outstanding/cumcm/2020-C/C109/pdf/C109.pdf,
cumcm,2020,C,outstanding,C142,19.33,outstanding/cumcm/2020-C/C142/pdf/C142.pdf,
cumcm,2020,C,outstanding,C170,16.18,outstanding/cumcm/2020-C/C170/pdf/C170.pdf,
cumcm,2020,C,outstanding,C227,14.53,outstanding/cumcm/2020-C/C227/pdf/C227.pdf,
cumcm,2020,C,outstanding,C305,24.16,outstanding/cumcm/2020-C/C305/pdf/C305.pdf,
cumcm,2020,C,advanced,2020-C-advanced,0.41,cumcm/2020-C/advanced/main.pdf,
cumcm,2020,C,baseline,2020-C-baseline,0.44,cumcm/2020-C/baseline/main.pdf,
cumcm,2020,D,outstanding,D008,14.89,outstanding/cumcm/2020-D/D008/pdf/D008.pdf,
cumcm,2020,D,outstanding,D011,8.79,outstanding/cumcm/2020-D/D011/pdf/D011.pdf,
cumcm,2020,D,outstanding,D027,32.75,outstanding/cumcm/2020-D/D027/pdf/D027.pdf,
cumcm,2020,D,advanced,2020-D-advanced,0.42,cumcm/2020-D/advanced/main.pdf,
cumcm,2020,D,baseline,2020-D-baseline,0.40,cumcm/2020-D/baseline/main.pdf,
cumcm,2020,E,outstanding,E029,9.38,outstanding/cumcm/2020-E/E029/pdf/E029.pdf,
cumcm,2020,E,outstanding,E040,15.03,outstanding/cumcm/2020-E/E040/pdf/E040.pdf,
cumcm,2020,E,advanced,2020-E-advanced,0.40,cumcm/2020-E/advanced/main.pdf,
cumcm,2020,E,baseline,2020-E-baseline,0.41,cumcm/2020-E/baseline/main.pdf,
cumcm,2021,A,outstanding,A028,3.96,outstanding/cumcm/2021-A/A028/pdf/A028.pdf,
cumcm,2021,A,outstanding,A115,4.48,outstanding/cumcm/2021-A/A115/pdf/A115.pdf,
cumcm,2021,A,outstanding,A217,7.39,outstanding/cumcm/2021-A/A217/pdf/A217.pdf,
cumcm,2021,A,advanced,2021-A-advanced,0.45,cumcm/2021-A/advanced/main.pdf,
cumcm,2021,A,baseline,2021-A-baseline,0.42,cumcm/2021-A/baseline/main.pdf,
cumcm,2021,B,outstanding,B007,4.96,outstanding/cumcm/2021-B/B007/pdf/B007.pdf,
cumcm,2021,B,outstanding,B026,6.48,outstanding/cumcm/2021-B/B026/pdf/B026.pdf,
cumcm,2021,B,outstanding,B050,7.65,outstanding/cumcm/2021-B/B050/pdf/B050.pdf,
cumcm,2021,B,outstanding,B160,3.78,outstanding/cumcm/2021-B/B160/pdf/B160.pdf,
cumcm,2021,B,advanced,2021-B-advanced,0.42,cumcm/2021-B/advanced/main.pdf,
cumcm,2021,B,baseline,2021-B-baseline,0.37,cumcm/2021-B/baseline/main.pdf,
cumcm,2021,C,outstanding,C006,8.28,outstanding/cumcm/2021-C/C006/pdf/C006.pdf,
cumcm,2021,C,outstanding,C085,6.07,outstanding/cumcm/2021-C/C085/pdf/C085.pdf,
cumcm,2021,C,outstanding,C169,5.85,outstanding/cumcm/2021-C/C169/pdf/C169.pdf,
cumcm,2021,C,outstanding,C283,6.73,outstanding/cumcm/2021-C/C283/pdf/C283.pdf,
cumcm,2021,C,advanced,2021-C-advanced,0.44,cumcm/2021-C/advanced/main.pdf,
cumcm,2021,C,baseline,2021-C-baseline,0.42,cumcm/2021-C/baseline/main.pdf,
cumcm,2021,D,outstanding,D017,5.40,outstanding/cumcm/2021-D/D017/pdf/D017.pdf,
cumcm,2021,D,outstanding,D026,9.41,outstanding/cumcm/2021-D/D026/pdf/D026.pdf,
cumcm,2021,D,outstanding,D034,5.70,outstanding/cumcm/2021-D/D034/pdf/D034.pdf,
cumcm,2021,D,advanced,2021-D-advanced,0.42,cumcm/2021-D/advanced/main.pdf,
cumcm,2021,D,baseline,2021-D-baseline,0.39,cumcm/2021-D/baseline/main.pdf,
cumcm,2021,E,outstanding,E014,5.99,outstanding/cumcm/2021-E/E014/pdf/E014.pdf,
cumcm,2021,E,outstanding,E025,24.81,outstanding/cumcm/2021-E/E025/pdf/E025.pdf,
cumcm,2021,E,outstanding,E037,16.22,outstanding/cumcm/2021-E/E037/pdf/E037.pdf,
cumcm,2021,E,advanced,2021-E-advanced,0.42,cumcm/2021-E/advanced/main.pdf,
cumcm,2021,E,baseline,2021-E-baseline,0.46,cumcm/2021-E/baseline/main.pdf,
cumcm,2022,A,outstanding,A001,2.38,outstanding/cumcm/2022-A/A001/pdf/A001.pdf,
cumcm,2022,A,outstanding,A022,1.96,outstanding/cumcm/2022-A/A022/pdf/A022.pdf,
cumcm,2022,A,outstanding,A171,3.71,outstanding/cumcm/2022-A/A171/pdf/A171.pdf,
cumcm,2022,A,advanced,2022-A-advanced,0.46,cumcm/2022-A/advanced/main.pdf,
cumcm,2022,A,baseline,2022-A-baseline,0.49,cumcm/2022-A/baseline/main.pdf,
cumcm,2022,B,outstanding,B030,2.99,outstanding/cumcm/2022-B/B030/pdf/B030.pdf,
cumcm,2022,B,outstanding,B035,2.99,outstanding/cumcm/2022-B/B035/pdf/B035.pdf,
cumcm,2022,B,outstanding,B086,2.90,outstanding/cumcm/2022-B/B086/pdf/B086.pdf,
cumcm,2022,B,advanced,2022-B-advanced,0.44,cumcm/2022-B/advanced/main.pdf,
cumcm,2022,B,baseline,2022-B-baseline,0.38,cumcm/2022-B/baseline/main.pdf,
cumcm,2022,C,outstanding,C065,3.41,outstanding/cumcm/2022-C/C065/pdf/C065.pdf,
cumcm,2022,C,outstanding,C155,3.08,outstanding/cumcm/2022-C/C155/pdf/C155.pdf,
cumcm,2022,C,outstanding,C229,2.06,outstanding/cumcm/2022-C/C229/pdf/C229.pdf,
cumcm,2022,C,advanced,2022-C-advanced,0.49,cumcm/2022-C/advanced/main.pdf,
cumcm,2022,C,baseline,2022-C-baseline,0.43,cumcm/2022-C/baseline/main.pdf,
cumcm,2022,D,outstanding,D999,1.62,outstanding/cumcm/2022-D/D999/pdf/D999.pdf,
cumcm,2022,D,advanced,2022-D-advanced,0.35,cumcm/2022-D/advanced/main.pdf,
cumcm,2022,D,baseline,2022-D-baseline,0.39,cumcm/2022-D/baseline/main.pdf,
cumcm,2022,E,outstanding,E014,1.89,outstanding/cumcm/2022-E/E014/pdf/E014.pdf,
cumcm,2022,E,outstanding,E029,2.06,outstanding/cumcm/2022-E/E029/pdf/E029.pdf,
cumcm,2022,E,advanced,2022-E-advanced,0.49,cumcm/2022-E/advanced/main.pdf,
cumcm,2022,E,baseline,2022-E-baseline,0.47,cumcm/2022-E/baseline/main.pdf,
cumcm,2023,A,outstanding,A092,4.23,outstanding/cumcm/2023-A/A092/pdf/A092.pdf,
cumcm,2023,A,outstanding,A127,11.06,outstanding/cumcm/2023-A/A127/pdf/A127.pdf,
cumcm,2023,A,outstanding,A165,4.61,outstanding/cumcm/2023-A/A165/pdf/A165.pdf,
cumcm,2023,A,outstanding,A175,0.77,outstanding/cumcm/2023-A/A175/pdf/A175.pdf,
cumcm,2023,A,advanced,2023-A-advanced,0.55,cumcm/2023-A/advanced/main.pdf,
cumcm,2023,A,baseline,2023-A-baseline,0.43,cumcm/2023-A/baseline/main.pdf,
cumcm,2023,B,outstanding,B226,2.23,outstanding/cumcm/2023-B/B226/pdf/B226.pdf,
cumcm,2023,B,outstanding,B311,1.07,outstanding/cumcm/2023-B/B311/pdf/B311.pdf,
cumcm,2023,B,outstanding,B477,2.50,outstanding/cumcm/2023-B/B477/pdf/B477.pdf,
cumcm,2023,B,advanced,2023-B-advanced,0.45,cumcm/2023-B/advanced/main.pdf,
cumcm,2023,B,baseline,2023-B-baseline,0.40,cumcm/2023-B/baseline/main.pdf,
cumcm,2023,C,outstanding,C050,2.66,outstanding/cumcm/2023-C/C050/pdf/C050.pdf,
cumcm,2023,C,outstanding,C126,1.24,outstanding/cumcm/2023-C/C126/pdf/C126.pdf,
cumcm,2023,C,outstanding,C228,3.21,outstanding/cumcm/2023-C/C228/pdf/C228.pdf,
cumcm,2023,C,advanced,2023-C-advanced,0.58,cumcm/2023-C/advanced/main.pdf,
cumcm,2023,C,baseline,2023-C-baseline,0.48,cumcm/2023-C/baseline/main.pdf,
cumcm,2023,D,outstanding,D039,0.65,outstanding/cumcm/2023-D/D039/pdf/D039.pdf,
cumcm,2023,D,advanced,2023-D-advanced,0.39,cumcm/2023-D/advanced/main.pdf,
cumcm,2023,D,baseline,2023-D-baseline,0.35,cumcm/2023-D/baseline/main.pdf,
cumcm,2023,E,outstanding,E032,2.44,outstanding/cumcm/2023-E/E032/pdf/E032.pdf,
cumcm,2023,E,outstanding,E176,3.78,outstanding/cumcm/2023-E/E176/pdf/E176.pdf,
cumcm,2023,E,advanced,2023-E-advanced,0.57,cumcm/2023-E/advanced/main.pdf,
cumcm,2023,E,baseline,2023-E-baseline,0.35,cumcm/2023-E/baseline/main.pdf,
cumcm,2024,A,outstanding,A016,12.67,outstanding/cumcm/2024-A/A016/pdf/A016.pdf,
cumcm,2024,A,outstanding,A053,17.87,outstanding/cumcm/2024-A/A053/pdf/A053.pdf,
cumcm,2024,A,outstanding,A163,11.94,outstanding/cumcm/2024-A/A163/pdf/A163.pdf,
cumcm,2024,A,outstanding,A178,14.39,outstanding/cumcm/2024-A/A178/pdf/A178.pdf,
cumcm,2024,A,outstanding,A242,16.59,outstanding/cumcm/2024-A/A242/pdf/A242.pdf,
cumcm,2024,A,advanced,2024-A-advanced,0.39,cumcm/2024-A/advanced/main.pdf,
cumcm,2024,A,baseline,2024-A-baseline,0.42,cumcm/2024-A/baseline/main.pdf,
cumcm,2024,B,outstanding,B159,10.61,outstanding/cumcm/2024-B/B159/pdf/B159.pdf,
cumcm,2024,B,outstanding,B195,22.91,outstanding/cumcm/2024-B/B195/pdf/B195.pdf,
cumcm,2024,B,outstanding,B196,8.71,outstanding/cumcm/2024-B/B196/pdf/B196.pdf,
cumcm,2024,B,advanced,2024-B-advanced,0.44,cumcm/2024-B/advanced/main.pdf,
cumcm,2024,B,baseline,2024-B-baseline,0.39,cumcm/2024-B/baseline/main.pdf,
cumcm,2024,C,outstanding,C038,21.42,outstanding/cumcm/2024-C/C038/pdf/C038.pdf,
cumcm,2024,C,outstanding,C063,14.10,outstanding/cumcm/2024-C/C063/pdf/C063.pdf,
cumcm,2024,C,outstanding,C094,15.51,outstanding/cumcm/2024-C/C094/pdf/C094.pdf,
cumcm,2024,C,outstanding,C234,10.99,outstanding/cumcm/2024-C/C234/pdf/C234.pdf,
cumcm,2024,C,advanced,2024-C-advanced,0.38,cumcm/2024-C/advanced/main.pdf,
cumcm,2024,C,baseline,2024-C-baseline,0.40,cumcm/2024-C/baseline/main.pdf,
cumcm,2024,D,outstanding,D033,11.94,outstanding/cumcm/2024-D/D033/pdf/D033.pdf,
cumcm,2024,D,advanced,2024-D-advanced,0.35,cumcm/2024-D/advanced/main.pdf,
cumcm,2024,D,baseline,2024-D-baseline,0.45,cumcm/2024-D/baseline/main.pdf,
cumcm,2024,E,outstanding,E010,11.35,outstanding/cumcm/2024-E/E010/pdf/E010.pdf,
cumcm,2024,E,outstanding,E061,9.39,outstanding/cumcm/2024-E/E061/pdf/E061.pdf,
cumcm,2024,E,outstanding,E218,18.15,outstanding/cumcm/2024-E/E218/pdf/E218.pdf,
cumcm,2024,E,advanced,2024-E-advanced,0.43,cumcm/2024-E/advanced/main.pdf,
cumcm,2024,E,baseline,2024-E-baseline,0.46,cumcm/2024-E/baseline/main.pdf,
cumcm,2025,A,outstanding,A196,21.15,outstanding/cumcm/2025-A/A196/pdf/A196.pdf,
cumcm,2025,A,advanced,2025-A-advanced,0.49,cumcm/2025-A/advanced/main.pdf,
cumcm,2025,A,baseline,2025-A-baseline,0.46,cumcm/2025-A/baseline/main.pdf,
cumcm,2025,B,outstanding,B060,15.39,outstanding/cumcm/2025-B/B060/pdf/B060.pdf,
cumcm,2025,B,outstanding,B157,16.45,outstanding/cumcm/2025-B/B157/pdf/B157.pdf,
cumcm,2025,B,advanced,2025-B-advanced,0.47,cumcm/2025-B/advanced/main.pdf,
cumcm,2025,B,baseline,2025-B-baseline,0.48,cumcm/2025-B/baseline/main.pdf,
cumcm,2025,C,outstanding,C023,32.25,outstanding/cumcm/2025-C/C023/pdf/C023.pdf,
cumcm,2025,C,outstanding,C132,16.26,outstanding/cumcm/2025-C/C132/pdf/C132.pdf,
cumcm,2025,C,advanced,2025-C-advanced,0.53,cumcm/2025-C/advanced/main.pdf,
cumcm,2025,C,baseline,2025-C-baseline,0.55,cumcm/2025-C/baseline/main.pdf,
cumcm,2025,D,outstanding,D037,10.53,outstanding/cumcm/2025-D/D037/pdf/D037.pdf,
cumcm,2025,D,advanced,2025-D-advanced,0.47,cumcm/2025-D/advanced/main.pdf,
cumcm,2025,D,baseline,2025-D-baseline,0.47,cumcm/2025-D/baseline/main.pdf,
cumcm,2025,E,outstanding,E030,11.65,outstanding/cumcm/2025-E/E030/pdf/E030.pdf,
cumcm,2025,E,advanced,2025-E-advanced,0.47,cumcm/2025-E/advanced/main.pdf,
cumcm,2025,E,baseline,2025-E-baseline,0.55,cumcm/2025-E/baseline/main.pdf,
mcm,2015,A,outstanding,32722,7.89,outstanding/mcm/2015-A/32722/pdf/32722.pdf,
mcm,2015,A,outstanding,34317,2.46,outstanding/mcm/2015-A/34317/pdf/34317.pdf,
mcm,2015,A,outstanding,35532,2.38,outstanding/mcm/2015-A/35532/pdf/35532.pdf,
mcm,2015,A,outstanding,40764,0.78,outstanding/mcm/2015-A/40764/pdf/40764.pdf,
mcm,2015,A,advanced,2015-A-advanced,0.48,mcm/2015-A/advanced/main.pdf,
mcm,2015,A,baseline,2015-A-baseline,0.39,mcm/2015-A/baseline/main.pdf,
mcm,2015,B,outstanding,32879,2.31,outstanding/mcm/2015-B/32879/pdf/32879.pdf,
mcm,2015,B,outstanding,36178,2.17,outstanding/mcm/2015-B/36178/pdf/36178.pdf,
mcm,2015,B,outstanding,38720,4.58,outstanding/mcm/2015-B/38720/pdf/38720.pdf,
mcm,2015,B,outstanding,39173,0.83,outstanding/mcm/2015-B/39173/pdf/39173.pdf,
mcm,2015,B,outstanding,40612,14.92,outstanding/mcm/2015-B/40612/pdf/40612.pdf,
mcm,2015,B,advanced,2015-B-advanced,0.52,mcm/2015-B/advanced/main.pdf,
mcm,2015,B,baseline,2015-B-baseline,0.46,mcm/2015-B/baseline/main.pdf,
mcm,2015,C,outstanding,33572,2.05,outstanding/mcm/2015-C/33572/pdf/33572.pdf,
mcm,2015,C,outstanding,33900,3.82,outstanding/mcm/2015-C/33900/pdf/33900.pdf,
mcm,2015,C,outstanding,35778,6.76,outstanding/mcm/2015-C/35778/pdf/35778.pdf,
mcm,2015,C,outstanding,37075,0.86,outstanding/mcm/2015-C/37075/pdf/37075.pdf,
mcm,2015,C,outstanding,37284,1.83,outstanding/mcm/2015-C/37284/pdf/37284.pdf,
mcm,2015,C,advanced,2015-C-advanced,0.46,mcm/2015-C/advanced/main.pdf,
mcm,2015,C,baseline,2015-C-baseline,0.42,mcm/2015-C/baseline/main.pdf,
mcm,2015,D,outstanding,34985,2.62,outstanding/mcm/2015-D/34985/pdf/34985.pdf,
mcm,2015,D,outstanding,35780,2.23,outstanding/mcm/2015-D/35780/pdf/35780.pdf,
mcm,2015,D,outstanding,38727,1.20,outstanding/mcm/2015-D/38727/pdf/38727.pdf,
mcm,2015,D,outstanding,38996,1.75,outstanding/mcm/2015-D/38996/pdf/38996.pdf,
mcm,2015,D,advanced,2015-D-advanced,0.49,mcm/2015-D/advanced/main.pdf,
mcm,2015,D,baseline,2015-D-baseline,0.46,mcm/2015-D/baseline/main.pdf,
mcm,2016,A,outstanding,42221,1.81,outstanding/mcm/2016-A/42221/pdf/42221.pdf,
mcm,2016,A,outstanding,44398,2.89,outstanding/mcm/2016-A/44398/pdf/44398.pdf,
mcm,2016,A,outstanding,44845,2.17,outstanding/mcm/2016-A/44845/pdf/44845.pdf,
mcm,2016,A,outstanding,46830,1.11,outstanding/mcm/2016-A/46830/pdf/46830.pdf,
mcm,2016,A,outstanding,48649,2.01,outstanding/mcm/2016-A/48649/pdf/48649.pdf,
mcm,2016,A,outstanding,54164,1.78,outstanding/mcm/2016-A/54164/pdf/54164.pdf,
mcm,2016,A,advanced,2016-A-advanced,0.40,mcm/2016-A/advanced/main.pdf,
mcm,2016,A,baseline,2016-A-baseline,0.43,mcm/2016-A/baseline/main.pdf,
mcm,2016,B,outstanding,42745,1.08,outstanding/mcm/2016-B/42745/pdf/42745.pdf,
mcm,2016,B,outstanding,48573,1.02,outstanding/mcm/2016-B/48573/pdf/48573.pdf,
mcm,2016,B,outstanding,52221,1.90,outstanding/mcm/2016-B/52221/pdf/52221.pdf,
mcm,2016,B,advanced,2016-B-advanced,0.49,mcm/2016-B/advanced/main.pdf,
mcm,2016,B,baseline,2016-B-baseline,0.46,mcm/2016-B/baseline/main.pdf,
mcm,2016,C,outstanding,42939,1.00,outstanding/mcm/2016-C/42939/pdf/42939.pdf,
mcm,2016,C,outstanding,47823,1.95,outstanding/mcm/2016-C/47823/pdf/47823.pdf,
mcm,2016,C,outstanding,50193,1.08,outstanding/mcm/2016-C/50193/pdf/50193.pdf,
mcm,2016,C,outstanding,52815,0.39,outstanding/mcm/2016-C/52815/pdf/52815.pdf,
mcm,2016,C,advanced,2016-C-advanced,0.43,mcm/2016-C/advanced/main.pdf,
mcm,2016,C,baseline,2016-C-baseline,0.41,mcm/2016-C/baseline/main.pdf,
mcm,2016,D,outstanding,42220,1.75,outstanding/mcm/2016-D/42220/pdf/42220.pdf,
mcm,2016,D,outstanding,44173,3.75,outstanding/mcm/2016-D/44173/pdf/44173.pdf,
mcm,2016,D,outstanding,47876,2.03,outstanding/mcm/2016-D/47876/pdf/47876.pdf,
mcm,2016,D,outstanding,49436,1.46,outstanding/mcm/2016-D/49436/pdf/49436.pdf,
mcm,2016,D,outstanding,54740,2.12,outstanding/mcm/2016-D/54740/pdf/54740.pdf,
mcm,2016,D,advanced,2016-D-advanced,0.43,mcm/2016-D/advanced/main.pdf,
mcm,2016,D,baseline,2016-D-baseline,0.46,mcm/2016-D/baseline/main.pdf,
mcm,2016,E,outstanding,43443,0.39,outstanding/mcm/2016-E/43443/pdf/43443.pdf,
mcm,2016,E,outstanding,49630,0.56,outstanding/mcm/2016-E/49630/pdf/49630.pdf,
mcm,2016,E,outstanding,52831,0.87,outstanding/mcm/2016-E/52831/pdf/52831.pdf,
mcm,2016,E,outstanding,52849,2.26,outstanding/mcm/2016-E/52849/pdf/52849.pdf,
mcm,2016,E,outstanding,53494,0.52,outstanding/mcm/2016-E/53494/pdf/53494.pdf,
mcm,2016,E,advanced,2016-E-advanced,0.46,mcm/2016-E/advanced/main.pdf,
mcm,2016,E,baseline,2016-E-baseline,0.53,mcm/2016-E/baseline/main.pdf,
mcm,2016,F,outstanding,43181,1.52,outstanding/mcm/2016-F/43181/pdf/43181.pdf,
mcm,2016,F,outstanding,44348,8.72,outstanding/mcm/2016-F/44348/pdf/44348.pdf,
mcm,2016,F,outstanding,46634,1.29,outstanding/mcm/2016-F/46634/pdf/46634.pdf,
mcm,2016,F,outstanding,52854,2.17,outstanding/mcm/2016-F/52854/pdf/52854.pdf,
mcm,2016,F,advanced,2016-F-advanced,0.46,mcm/2016-F/advanced/main.pdf,
mcm,2016,F,baseline,2016-F-baseline,0.56,mcm/2016-F/baseline/main.pdf,
mcm,2017,A,outstanding,55069,1.94,outstanding/mcm/2017-A/55069/pdf/55069.pdf,
mcm,2017,A,outstanding,55280,0.72,outstanding/mcm/2017-A/55280/pdf/55280.pdf,
mcm,2017,A,outstanding,65448,1.88,outstanding/mcm/2017-A/65448/pdf/65448.pdf,
mcm,2017,A,outstanding,66500,2.77,outstanding/mcm/2017-A/66500/pdf/66500.pdf,
mcm,2017,A,advanced,2017-A-advanced,0.47,mcm/2017-A/advanced/main.pdf,
mcm,2017,A,baseline,2017-A-baseline,0.42,mcm/2017-A/baseline/main.pdf,
mcm,2017,B,outstanding,56731,2.00,outstanding/mcm/2017-B/56731/pdf/56731.pdf,
mcm,2017,B,outstanding,68303,1.42,outstanding/mcm/2017-B/68303/pdf/68303.pdf,
mcm,2017,B,outstanding,69427,1.69,outstanding/mcm/2017-B/69427/pdf/69427.pdf,
mcm,2017,B,outstanding,70174,0.72,outstanding/mcm/2017-B/70174/pdf/70174.pdf,
mcm,2017,B,outstanding,70545,1.19,outstanding/mcm/2017-B/70545/pdf/70545.pdf,
mcm,2017,B,advanced,2017-B-advanced,0.39,mcm/2017-B/advanced/main.pdf,
mcm,2017,B,baseline,2017-B-baseline,0.37,mcm/2017-B/baseline/main.pdf,
mcm,2017,C,outstanding,55261,1.51,outstanding/mcm/2017-C/55261/pdf/55261.pdf,
mcm,2017,C,outstanding,55278,1.30,outstanding/mcm/2017-C/55278/pdf/55278.pdf,
mcm,2017,C,outstanding,55583,1.30,outstanding/mcm/2017-C/55583/pdf/55583.pdf,
mcm,2017,C,outstanding,55585,6.42,outstanding/mcm/2017-C/55585/pdf/55585.pdf,
mcm,2017,C,advanced,2017-C-advanced,0.22,mcm/2017-C/advanced/main.pdf,
mcm,2017,C,baseline,2017-C-baseline,0.22,mcm/2017-C/baseline/main.pdf,
mcm,2017,D,outstanding,55285,2.96,outstanding/mcm/2017-D/55285/pdf/55285.pdf,
mcm,2017,D,outstanding,55295,3.61,outstanding/mcm/2017-D/55295/pdf/55295.pdf,
mcm,2017,D,outstanding,56632,1.46,outstanding/mcm/2017-D/56632/pdf/56632.pdf,
mcm,2017,D,outstanding,67316,0.84,outstanding/mcm/2017-D/67316/pdf/67316.pdf,
mcm,2017,D,outstanding,68942,1.37,outstanding/mcm/2017-D/68942/pdf/68942.pdf,
mcm,2017,D,advanced,2017-D-advanced,0.48,mcm/2017-D/advanced/main.pdf,
mcm,2017,D,baseline,2017-D-baseline,0.47,mcm/2017-D/baseline/main.pdf,
mcm,2017,E,outstanding,61502,0.57,outstanding/mcm/2017-E/61502/pdf/61502.pdf,
mcm,2017,E,outstanding,65123,1.84,outstanding/mcm/2017-E/65123/pdf/65123.pdf,
mcm,2017,E,outstanding,67171,0.80,outstanding/mcm/2017-E/67171/pdf/67171.pdf,
mcm,2017,E,outstanding,68242,1.05,outstanding/mcm/2017-E/68242/pdf/68242.pdf,
mcm,2017,E,outstanding,71672,0.20,outstanding/mcm/2017-E/71672/pdf/71672.pdf,
mcm,2017,E,advanced,2017-E-advanced,0.41,mcm/2017-E/advanced/main.pdf,
mcm,2017,E,baseline,2017-E-baseline,0.39,mcm/2017-E/baseline/main.pdf,
mcm,2017,F,outstanding,64486,1.92,outstanding/mcm/2017-F/64486/pdf/64486.pdf,
mcm,2017,F,outstanding,68940,0.79,outstanding/mcm/2017-F/68940/pdf/68940.pdf,
mcm,2017,F,outstanding,72197,1.08,outstanding/mcm/2017-F/72197/pdf/72197.pdf,
mcm,2017,F,outstanding,72283,1.47,outstanding/mcm/2017-F/72283/pdf/72283.pdf,
mcm,2017,F,advanced,2017-F-advanced,0.62,mcm/2017-F/advanced/main.pdf,
mcm,2017,F,baseline,2017-F-baseline,0.50,mcm/2017-F/baseline/main.pdf,
mcm,2018,A,outstanding,76082,0.84,outstanding/mcm/2018-A/76082/pdf/76082.pdf,
mcm,2018,A,outstanding,76271,2.81,outstanding/mcm/2018-A/76271/pdf/76271.pdf,
mcm,2018,A,outstanding,77845,1.87,outstanding/mcm/2018-A/77845/pdf/77845.pdf,
mcm,2018,A,outstanding,86103,3.57,outstanding/mcm/2018-A/86103/pdf/86103.pdf,
mcm,2018,A,outstanding,88255,2.12,outstanding/mcm/2018-A/88255/pdf/88255.pdf,
mcm,2018,A,advanced,2018-A-advanced,0.36,mcm/2018-A/advanced/main.pdf,
mcm,2018,A,baseline,2018-A-baseline,0.43,mcm/2018-A/baseline/main.pdf,
mcm,2018,B,outstanding,73410,0.81,outstanding/mcm/2018-B/73410/pdf/73410.pdf,
mcm,2018,B,outstanding,74316,3.48,outstanding/mcm/2018-B/74316/pdf/74316.pdf,
mcm,2018,B,outstanding,77238,3.14,outstanding/mcm/2018-B/77238/pdf/77238.pdf,
mcm,2018,B,outstanding,79002,2.64,outstanding/mcm/2018-B/79002/pdf/79002.pdf,
mcm,2018,B,outstanding,91566,1.44,outstanding/mcm/2018-B/91566/pdf/91566.pdf,
mcm,2018,B,advanced,2018-B-advanced,0.43,mcm/2018-B/advanced/main.pdf,
mcm,2018,B,baseline,2018-B-baseline,0.64,mcm/2018-B/baseline/main.pdf,
mcm,2018,C,outstanding,72969,2.15,outstanding/mcm/2018-C/72969/pdf/72969.pdf,
mcm,2018,C,outstanding,73767,1.73,outstanding/mcm/2018-C/73767/pdf/73767.pdf,
mcm,2018,C,outstanding,78577,2.10,outstanding/mcm/2018-C/78577/pdf/78577.pdf,
mcm,2018,C,outstanding,80560,4.64,outstanding/mcm/2018-C/80560/pdf/80560.pdf,
mcm,2018,C,outstanding,82150,1.97,outstanding/mcm/2018-C/82150/pdf/82150.pdf,
mcm,2018,C,advanced,2018-C-advanced,0.46,mcm/2018-C/advanced/main.pdf,
mcm,2018,C,baseline,2018-C-baseline,0.48,mcm/2018-C/baseline/main.pdf,
mcm,2018,D,outstanding,73156,0.83,outstanding/mcm/2018-D/73156/pdf/73156.pdf,
mcm,2018,D,outstanding,78826,1.32,outstanding/mcm/2018-D/78826/pdf/78826.pdf,
mcm,2018,D,outstanding,80386,0.82,outstanding/mcm/2018-D/80386/pdf/80386.pdf,
mcm,2018,D,outstanding,81402,2.02,outstanding/mcm/2018-D/81402/pdf/81402.pdf,
mcm,2018,D,outstanding,82504,2.34,outstanding/mcm/2018-D/82504/pdf/82504.pdf,
mcm,2018,D,outstanding,82794,1.64,outstanding/mcm/2018-D/82794/pdf/82794.pdf,
mcm,2018,D,advanced,2018-D-advanced,0.59,mcm/2018-D/advanced/main.pdf,
mcm,2018,D,baseline,2018-D-baseline,0.55,mcm/2018-D/baseline/main.pdf,
mcm,2018,E,outstanding,72968,2.14,outstanding/mcm/2018-E/72968/pdf/72968.pdf,
mcm,2018,E,outstanding,73119,0.67,outstanding/mcm/2018-E/73119/pdf/73119.pdf,
mcm,2018,E,outstanding,74971,1.46,outstanding/mcm/2018-E/74971/pdf/74971.pdf,
mcm,2018,E,outstanding,78511,2.87,outstanding/mcm/2018-E/78511/pdf/78511.pdf,
mcm,2018,E,outstanding,88902,2.77,outstanding/mcm/2018-E/88902/pdf/88902.pdf,
mcm,2018,E,outstanding,89499,0.68,outstanding/mcm/2018-E/89499/pdf/89499.pdf,
mcm,2018,E,outstanding,93840,0.60,outstanding/mcm/2018-E/93840/pdf/93840.pdf,
mcm,2018,E,advanced,2018-E-advanced,0.47,mcm/2018-E/advanced/main.pdf,
mcm,2018,E,baseline,2018-E-baseline,0.43,mcm/2018-E/baseline/main.pdf,
mcm,2018,F,outstanding,83744,0.82,outstanding/mcm/2018-F/83744/pdf/83744.pdf,
mcm,2018,F,outstanding,87280,1.69,outstanding/mcm/2018-F/87280/pdf/87280.pdf,
mcm,2018,F,outstanding,88508,2.42,outstanding/mcm/2018-F/88508/pdf/88508.pdf,
mcm,2018,F,outstanding,93036,1.75,outstanding/mcm/2018-F/93036/pdf/93036.pdf,
mcm,2018,F,advanced,2018-F-advanced,0.54,mcm/2018-F/advanced/main.pdf,
mcm,2018,F,baseline,2018-F-baseline,0.90,mcm/2018-F/baseline/main.pdf,
mcm,2019,A,outstanding,1902727,1.40,outstanding/mcm/2019-A/1902727/pdf/1902727.pdf,
mcm,2019,A,outstanding,1910246,6.37,outstanding/mcm/2019-A/1910246/pdf/1910246.pdf,
mcm,2019,A,outstanding,1917933,0.37,outstanding/mcm/2019-A/1917933/pdf/1917933.pdf,
mcm,2019,A,outstanding,1919022,4.68,outstanding/mcm/2019-A/1919022/pdf/1919022.pdf,
mcm,2019,A,outstanding,1924781,1.43,outstanding/mcm/2019-A/1924781/pdf/1924781.pdf,
mcm,2019,A,outstanding,1926690,5.65,outstanding/mcm/2019-A/1926690/pdf/1926690.pdf,
mcm,2019,A,advanced,2019-A-advanced,0.56,mcm/2019-A/advanced/main.pdf,
mcm,2019,A,baseline,2019-A-baseline,0.46,mcm/2019-A/baseline/main.pdf,
mcm,2019,B,outstanding,1908286,3.51,outstanding/mcm/2019-B/1908286/pdf/1908286.pdf,
mcm,2019,B,outstanding,1908904,1.76,outstanding/mcm/2019-B/1908904/pdf/1908904.pdf,
mcm,2019,B,outstanding,1915782,1.44,outstanding/mcm/2019-B/1915782/pdf/1915782.pdf,
mcm,2019,B,outstanding,1923964,2.05,outstanding/mcm/2019-B/1923964/pdf/1923964.pdf,
mcm,2019,B,outstanding,1924588,2.15,outstanding/mcm/2019-B/1924588/pdf/1924588.pdf,
mcm,2019,B,advanced,2019-B-advanced,0.51,mcm/2019-B/advanced/main.pdf,
mcm,2019,B,baseline,2019-B-baseline,0.53,mcm/2019-B/baseline/main.pdf,
mcm,2019,C,outstanding,1900577,0.79,outstanding/mcm/2019-C/1900577/pdf/1900577.pdf,
mcm,2019,C,outstanding,1901213,4.04,outstanding/mcm/2019-C/1901213/pdf/1901213.pdf,
mcm,2019,C,outstanding,1901679,2.90,outstanding/mcm/2019-C/1901679/pdf/1901679.pdf,
mcm,2019,C,outstanding,1906204,5.09,outstanding/mcm/2019-C/1906204/pdf/1906204.pdf,
mcm,2019,C,outstanding,1909434,6.46,outstanding/mcm/2019-C/1909434/pdf/1909434.pdf,
mcm,2019,C,outstanding,1922154,1.80,outstanding/mcm/2019-C/1922154/pdf/1922154.pdf,
mcm,2019,C,advanced,2019-C-advanced,0.48,mcm/2019-C/advanced/main.pdf,
mcm,2019,C,baseline,2019-C-baseline,0.52,mcm/2019-C/baseline/main.pdf,
mcm,2019,D,outstanding,1900007,4.20,outstanding/mcm/2019-D/1900007/pdf/1900007.pdf,
mcm,2019,D,outstanding,1902407,2.84,outstanding/mcm/2019-D/1902407/pdf/1902407.pdf,
mcm,2019,D,outstanding,1908810,2.24,outstanding/mcm/2019-D/1908810/pdf/1908810.pdf,
mcm,2019,D,outstanding,1922074,1.30,outstanding/mcm/2019-D/1922074/pdf/1922074.pdf,
mcm,2019,D,outstanding,1922748,2.39,outstanding/mcm/2019-D/1922748/pdf/1922748.pdf,
mcm,2019,D,outstanding,1923074,5.16,outstanding/mcm/2019-D/1923074/pdf/1923074.pdf,
mcm,2019,D,outstanding,1924801,1.28,outstanding/mcm/2019-D/1924801/pdf/1924801.pdf,
mcm,2019,D,advanced,2019-D-advanced,0.47,mcm/2019-D/advanced/main.pdf,
mcm,2019,D,baseline,2019-D-baseline,0.47,mcm/2019-D/baseline/main.pdf,
mcm,2019,E,outstanding,1902029,1.60,outstanding/mcm/2019-E/1902029/pdf/1902029.pdf,
mcm,2019,E,outstanding,1902054,1.34,outstanding/mcm/2019-E/1902054/pdf/1902054.pdf,
mcm,2019,E,outstanding,1902917,1.16,outstanding/mcm/2019-E/1902917/pdf/1902917.pdf,
mcm,2019,E,outstanding,1903455,2.19,outstanding/mcm/2019-E/1903455/pdf/1903455.pdf,
mcm,2019,E,outstanding,1916129,1.54,outstanding/mcm/2019-E/1916129/pdf/1916129.pdf,
mcm,2019,E,outstanding,1916777,14.00,outstanding/mcm/2019-E/1916777/pdf/1916777.pdf,
mcm,2019,E,outstanding,1924813,0.61,outstanding/mcm/2019-E/1924813/pdf/1924813.pdf,
mcm,2019,E,outstanding,1926224,0.28,outstanding/mcm/2019-E/1926224/pdf/1926224.pdf,
mcm,2019,E,advanced,2019-E-advanced,0.41,mcm/2019-E/advanced/main.pdf,
mcm,2019,E,baseline,2019-E-baseline,0.46,mcm/2019-E/baseline/main.pdf,
mcm,2019,F,outstanding,1904381,4.56,outstanding/mcm/2019-F/1904381/pdf/1904381.pdf,
mcm,2019,F,outstanding,1905127,1.13,outstanding/mcm/2019-F/1905127/pdf/1905127.pdf,
mcm,2019,F,outstanding,1916375,1.33,outstanding/mcm/2019-F/1916375/pdf/1916375.pdf,
mcm,2019,F,outstanding,1916704,0.67,outstanding/mcm/2019-F/1916704/pdf/1916704.pdf,
mcm,2019,F,advanced,2019-F-advanced,0.51,mcm/2019-F/advanced/main.pdf,
mcm,2019,F,baseline,2019-F-baseline,0.51,mcm/2019-F/baseline/main.pdf,
mcm,2020,A,outstanding,2001334,7.65,outstanding/mcm/2020-A/2001334/pdf/2001334.pdf,
mcm,2020,A,outstanding,2002354,1.09,outstanding/mcm/2020-A/2002354/pdf/2002354.pdf,
mcm,2020,A,outstanding,2003298,9.89,outstanding/mcm/2020-A/2003298/pdf/2003298.pdf,
mcm,2020,A,outstanding,2003485,3.24,outstanding/mcm/2020-A/2003485/pdf/2003485.pdf,
mcm,2020,A,outstanding,2004833,1.73,outstanding/mcm/2020-A/2004833/pdf/2004833.pdf,
mcm,2020,A,outstanding,2007799,15.91,outstanding/mcm/2020-A/2007799/pdf/2007799.pdf,
mcm,2020,A,outstanding,2017785,3.28,outstanding/mcm/2020-A/2017785/pdf/2017785.pdf,
mcm,2020,A,outstanding,2018167,5.50,outstanding/mcm/2020-A/2018167/pdf/2018167.pdf,
mcm,2020,A,advanced,2020-A-advanced,0.46,mcm/2020-A/advanced/main.pdf,
mcm,2020,A,baseline,2020-A-baseline,0.48,mcm/2020-A/baseline/main.pdf,
mcm,2020,B,outstanding,2007698,1.89,outstanding/mcm/2020-B/2007698/pdf/2007698.pdf,
mcm,2020,B,outstanding,2010821,1.19,outstanding/mcm/2020-B/2010821/pdf/2010821.pdf,
mcm,2020,B,outstanding,2011873,1.52,outstanding/mcm/2020-B/2011873/pdf/2011873.pdf,
mcm,2020,B,outstanding,2013836,8.44,outstanding/mcm/2020-B/2013836/pdf/2013836.pdf,
mcm,2020,B,outstanding,2019696,1.59,outstanding/mcm/2020-B/2019696/pdf/2019696.pdf,
mcm,2020,B,advanced,2020-B-advanced,0.46,mcm/2020-B/advanced/main.pdf,
mcm,2020,B,baseline,2020-B-baseline,0.54,mcm/2020-B/baseline/main.pdf,
mcm,2020,C,outstanding,2002116,5.50,outstanding/mcm/2020-C/2002116/pdf/2002116.pdf,
mcm,2020,C,outstanding,2003717,4.52,outstanding/mcm/2020-C/2003717/pdf/2003717.pdf,
mcm,2020,C,outstanding,2004647,0.95,outstanding/mcm/2020-C/2004647/pdf/2004647.pdf,
mcm,2020,C,outstanding,2007707,5.97,outstanding/mcm/2020-C/2007707/pdf/2007707.pdf,
mcm,2020,C,outstanding,2009116,1.15,outstanding/mcm/2020-C/2009116/pdf/2009116.pdf,
mcm,2020,C,outstanding,2010638,3.56,outstanding/mcm/2020-C/2010638/pdf/2010638.pdf,
mcm,2020,C,advanced,2020-C-advanced,0.42,mcm/2020-C/advanced/main.pdf,
mcm,2020,C,baseline,2020-C-baseline,0.53,mcm/2020-C/baseline/main.pdf,
mcm,2020,D,outstanding,2002526,0.61,outstanding/mcm/2020-D/2002526/pdf/2002526.pdf,
mcm,2020,D,outstanding,2003723,1.67,outstanding/mcm/2020-D/2003723/pdf/2003723.pdf,
mcm,2020,D,outstanding,2006782,6.46,outstanding/mcm/2020-D/2006782/pdf/2006782.pdf,
mcm,2020,D,outstanding,2013140,1.43,outstanding/mcm/2020-D/2013140/pdf/2013140.pdf,
mcm,2020,D,outstanding,2013245,1.51,outstanding/mcm/2020-D/2013245/pdf/2013245.pdf,
mcm,2020,D,outstanding,2015044,6.72,outstanding/mcm/2020-D/2015044/pdf/2015044.pdf,
mcm,2020,D,outstanding,2022868,1.01,outstanding/mcm/2020-D/2022868/pdf/2022868.pdf,
mcm,2020,D,advanced,2020-D-advanced,0.45,mcm/2020-D/advanced/main.pdf,
mcm,2020,D,baseline,2020-D-baseline,0.49,mcm/2020-D/baseline/main.pdf,
mcm,2020,E,outstanding,2008521,1.42,outstanding/mcm/2020-E/2008521/pdf/2008521.pdf,
mcm,2020,E,outstanding,2010035,4.42,outstanding/mcm/2020-E/2010035/pdf/2010035.pdf,
mcm,2020,E,outstanding,2016287,1.55,outstanding/mcm/2020-E/2016287/pdf/2016287.pdf,
mcm,2020,E,outstanding,2017963,1.17,outstanding/mcm/2020-E/2017963/pdf/2017963.pdf,
mcm,2020,E,outstanding,2021103,0.44,outstanding/mcm/2020-E/2021103/pdf/2021103.pdf,
mcm,2020,E,advanced,2020-E-advanced,0.44,mcm/2020-E/advanced/main.pdf,
mcm,2020,E,baseline,2020-E-baseline,0.44,mcm/2020-E/baseline/main.pdf,
mcm,2020,F,outstanding,2005623,1.49,outstanding/mcm/2020-F/2005623/pdf/2005623.pdf,
mcm,2020,F,outstanding,2006291,2.76,outstanding/mcm/2020-F/2006291/pdf/2006291.pdf,
mcm,2020,F,outstanding,2009139,0.69,outstanding/mcm/2020-F/2009139/pdf/2009139.pdf,
mcm,2020,F,outstanding,2013233,0.55,outstanding/mcm/2020-F/2013233/pdf/2013233.pdf,
mcm,2020,F,outstanding,2013733,1.61,outstanding/mcm/2020-F/2013733/pdf/2013733.pdf,
mcm,2020,F,outstanding,2013772,15.36,outstanding/mcm/2020-F/2013772/pdf/2013772.pdf,
mcm,2020,F,advanced,2020-F-advanced,0.45,mcm/2020-F/advanced/main.pdf,
mcm,2020,F,baseline,2020-F-baseline,0.44,mcm/2020-F/baseline/main.pdf,
mcm,2021,A,outstanding,2100454,4.47,outstanding/mcm/2021-A/2100454/pdf/2100454.pdf,
mcm,2021,A,outstanding,2101951,1.74,outstanding/mcm/2021-A/2101951/pdf/2101951.pdf,
mcm,2021,A,outstanding,2103782,1.87,outstanding/mcm/2021-A/2103782/pdf/2103782.pdf,
mcm,2021,A,outstanding,2110178,4.08,outstanding/mcm/2021-A/2110178/pdf/2110178.pdf,
mcm,2021,A,outstanding,2120808,2.90,outstanding/mcm/2021-A/2120808/pdf/2120808.pdf,
mcm,2021,A,outstanding,2122025,7.42,outstanding/mcm/2021-A/2122025/pdf/2122025.pdf,
mcm,2021,A,advanced,2021-A-advanced,0.44,mcm/2021-A/advanced/main.pdf,
mcm,2021,A,baseline,2021-A-baseline,0.48,mcm/2021-A/baseline/main.pdf,
mcm,2021,B,outstanding,2102199,2.80,outstanding/mcm/2021-B/2102199/pdf/2102199.pdf,
mcm,2021,B,outstanding,2104673,1.76,outstanding/mcm/2021-B/2104673/pdf/2104673.pdf,
mcm,2021,B,outstanding,2105363,3.98,outstanding/mcm/2021-B/2105363/pdf/2105363.pdf,
mcm,2021,B,outstanding,2116496,2.66,outstanding/mcm/2021-B/2116496/pdf/2116496.pdf,
mcm,2021,B,outstanding,2127300,1.92,outstanding/mcm/2021-B/2127300/pdf/2127300.pdf,
mcm,2021,B,advanced,2021-B-advanced,0.45,mcm/2021-B/advanced/main.pdf,
mcm,2021,B,baseline,2021-B-baseline,0.51,mcm/2021-B/baseline/main.pdf,
mcm,2021,C,outstanding,2101166,6.07,outstanding/mcm/2021-C/2101166/pdf/2101166.pdf,
mcm,2021,C,outstanding,2101587,6.16,outstanding/mcm/2021-C/2101587/pdf/2101587.pdf,
mcm,2021,C,outstanding,2107815,1.95,outstanding/mcm/2021-C/2107815/pdf/2107815.pdf,
mcm,2021,C,outstanding,2107870,1.74,outstanding/mcm/2021-C/2107870/pdf/2107870.pdf,
mcm,2021,C,outstanding,2109298,12.20,outstanding/mcm/2021-C/2109298/pdf/2109298.pdf,
mcm,2021,C,outstanding,2123823,4.13,outstanding/mcm/2021-C/2123823/pdf/2123823.pdf,
mcm,2021,C,advanced,2021-C-advanced,0.40,mcm/2021-C/advanced/main.pdf,
mcm,2021,C,baseline,2021-C-baseline,0.48,mcm/2021-C/baseline/main.pdf,
mcm,2021,D,outstanding,2100112,4.01,outstanding/mcm/2021-D/2100112/pdf/2100112.pdf,
mcm,2021,D,outstanding,2100242,5.90,outstanding/mcm/2021-D/2100242/pdf/2100242.pdf,
mcm,2021,D,outstanding,2101855,2.35,outstanding/mcm/2021-D/2101855/pdf/2101855.pdf,
mcm,2021,D,outstanding,2106028,3.60,outstanding/mcm/2021-D/2106028/pdf/2106028.pdf,
mcm,2021,D,outstanding,2107091,1.81,outstanding/mcm/2021-D/2107091/pdf/2107091.pdf,
mcm,2021,D,outstanding,2121604,2.22,outstanding/mcm/2021-D/2121604/pdf/2121604.pdf,
mcm,2021,D,outstanding,2124497,10.30,outstanding/mcm/2021-D/2124497/pdf/2124497.pdf,
mcm,2021,D,outstanding,2124668,1.92,outstanding/mcm/2021-D/2124668/pdf/2124668.pdf,
mcm,2021,D,advanced,2021-D-advanced,0.49,mcm/2021-D/advanced/main.pdf,
mcm,2021,D,baseline,2021-D-baseline,0.44,mcm/2021-D/baseline/main.pdf,
mcm,2021,E,outstanding,2102057,1.86,outstanding/mcm/2021-E/2102057/pdf/2102057.pdf,
mcm,2021,E,outstanding,2113869,1.88,outstanding/mcm/2021-E/2113869/pdf/2113869.pdf,
mcm,2021,E,outstanding,2119031,1.84,outstanding/mcm/2021-E/2119031/pdf/2119031.pdf,
mcm,2021,E,outstanding,2119893,2.69,outstanding/mcm/2021-E/2119893/pdf/2119893.pdf,
mcm,2021,E,outstanding,2122175,1.83,outstanding/mcm/2021-E/2122175/pdf/2122175.pdf,
mcm,2021,E,advanced,2021-E-advanced,0.44,mcm/2021-E/advanced/main.pdf,
mcm,2021,E,baseline,2021-E-baseline,0.50,mcm/2021-E/baseline/main.pdf,
mcm,2021,F,outstanding,2102185,1.06,outstanding/mcm/2021-F/2102185/pdf/2102185.pdf,
mcm,2021,F,outstanding,2103649,4.74,outstanding/mcm/2021-F/2103649/pdf/2103649.pdf,
mcm,2021,F,outstanding,2106074,2.09,outstanding/mcm/2021-F/2106074/pdf/2106074.pdf,
mcm,2021,F,outstanding,2109443,1.53,outstanding/mcm/2021-F/2109443/pdf/2109443.pdf,
mcm,2021,F,outstanding,2122374,1.61,outstanding/mcm/2021-F/2122374/pdf/2122374.pdf,
mcm,2021,F,outstanding,2123945,3.18,outstanding/mcm/2021-F/2123945/pdf/2123945.pdf,
mcm,2021,F,advanced,2021-F-advanced,0.51,mcm/2021-F/advanced/main.pdf,
mcm,2021,F,baseline,2021-F-baseline,0.54,mcm/2021-F/baseline/main.pdf,
mcm,2022,A,outstanding,2200289,1.66,outstanding/mcm/2022-A/2200289/pdf/2200289.pdf,
mcm,2022,A,outstanding,2207343,12.95,outstanding/mcm/2022-A/2207343/pdf/2207343.pdf,
mcm,2022,A,outstanding,2209466,2.53,outstanding/mcm/2022-A/2209466/pdf/2209466.pdf,
mcm,2022,A,outstanding,2209812,5.84,outstanding/mcm/2022-A/2209812/pdf/2209812.pdf,
mcm,2022,A,outstanding,2210307,4.62,outstanding/mcm/2022-A/2210307/pdf/2210307.pdf,
mcm,2022,A,outstanding,2212245,6.65,outstanding/mcm/2022-A/2212245/pdf/2212245.pdf,
mcm,2022,A,outstanding,2216547,6.91,outstanding/mcm/2022-A/2216547/pdf/2216547.pdf,
mcm,2022,A,advanced,2022-A-advanced,0.48,mcm/2022-A/advanced/main.pdf,
mcm,2022,A,baseline,2022-A-baseline,0.44,mcm/2022-A/baseline/main.pdf,
mcm,2022,B,outstanding,2200084,4.58,outstanding/mcm/2022-B/2200084/pdf/2200084.pdf,
mcm,2022,B,outstanding,2202748,1.80,outstanding/mcm/2022-B/2202748/pdf/2202748.pdf,
mcm,2022,B,outstanding,2207864,1.71,outstanding/mcm/2022-B/2207864/pdf/2207864.pdf,
mcm,2022,B,outstanding,2211922,2.55,outstanding/mcm/2022-B/2211922/pdf/2211922.pdf,
mcm,2022,B,outstanding,2213970,2.09,outstanding/mcm/2022-B/2213970/pdf/2213970.pdf,
mcm,2022,B,outstanding,2228168,1.42,outstanding/mcm/2022-B/2228168/pdf/2228168.pdf,
mcm,2022,B,advanced,2022-B-advanced,0.46,mcm/2022-B/advanced/main.pdf,
mcm,2022,B,baseline,2022-B-baseline,0.56,mcm/2022-B/baseline/main.pdf,
mcm,2022,C,outstanding,2200401,4.47,outstanding/mcm/2022-C/2200401/pdf/2200401.pdf,
mcm,2022,C,outstanding,2200688,8.10,outstanding/mcm/2022-C/2200688/pdf/2200688.pdf,
mcm,2022,C,outstanding,2203120,2.84,outstanding/mcm/2022-C/2203120/pdf/2203120.pdf,
mcm,2022,C,outstanding,2204883,1.27,outstanding/mcm/2022-C/2204883/pdf/2204883.pdf,
mcm,2022,C,outstanding,2208834,3.56,outstanding/mcm/2022-C/2208834/pdf/2208834.pdf,
mcm,2022,C,outstanding,2212336,2.68,outstanding/mcm/2022-C/2212336/pdf/2212336.pdf,
mcm,2022,C,outstanding,2218743,1.06,outstanding/mcm/2022-C/2218743/pdf/2218743.pdf,
mcm,2022,C,outstanding,2218931,1.90,outstanding/mcm/2022-C/2218931/pdf/2218931.pdf,
mcm,2022,C,outstanding,2224507,2.04,outstanding/mcm/2022-C/2224507/pdf/2224507.pdf,
mcm,2022,C,outstanding,2229059,0.87,outstanding/mcm/2022-C/2229059/pdf/2229059.pdf,
mcm,2022,C,advanced,2022-C-advanced,0.43,mcm/2022-C/advanced/main.pdf,
mcm,2022,C,baseline,2022-C-baseline,0.46,mcm/2022-C/baseline/main.pdf,
mcm,2022,D,outstanding,2208928,2.22,outstanding/mcm/2022-D/2208928/pdf/2208928.pdf,
mcm,2022,D,outstanding,2215444,1.97,outstanding/mcm/2022-D/2215444/pdf/2215444.pdf,
mcm,2022,D,outstanding,2218897,0.90,outstanding/mcm/2022-D/2218897/pdf/2218897.pdf,
mcm,2022,D,outstanding,2224178,3.07,outstanding/mcm/2022-D/2224178/pdf/2224178.pdf,
mcm,2022,D,advanced,2022-D-advanced,0.50,mcm/2022-D/advanced/main.pdf,
mcm,2022,D,baseline,2022-D-baseline,0.46,mcm/2022-D/baseline/main.pdf,
mcm,2022,E,outstanding,2202171,3.65,outstanding/mcm/2022-E/2202171/pdf/2202171.pdf,
mcm,2022,E,outstanding,2202666,1.95,outstanding/mcm/2022-E/2202666/pdf/2202666.pdf,
mcm,2022,E,outstanding,2202838,3.00,outstanding/mcm/2022-E/2202838/pdf/2202838.pdf,
mcm,2022,E,outstanding,2203489,3.97,outstanding/mcm/2022-E/2203489/pdf/2203489.pdf,
mcm,2022,E,outstanding,2209336,2.93,outstanding/mcm/2022-E/2209336/pdf/2209336.pdf,
mcm,2022,E,outstanding,2216618,2.92,outstanding/mcm/2022-E/2216618/pdf/2216618.pdf,
mcm,2022,E,outstanding,2218144,5.85,outstanding/mcm/2022-E/2218144/pdf/2218144.pdf,
mcm,2022,E,outstanding,2220714,1.84,outstanding/mcm/2022-E/2220714/pdf/2220714.pdf,
mcm,2022,E,outstanding,2223269,2.05,outstanding/mcm/2022-E/2223269/pdf/2223269.pdf,
mcm,2022,E,outstanding,2223495,5.03,outstanding/mcm/2022-E/2223495/pdf/2223495.pdf,
mcm,2022,E,advanced,2022-E-advanced,0.52,mcm/2022-E/advanced/main.pdf,
mcm,2022,E,baseline,2022-E-baseline,0.58,mcm/2022-E/baseline/main.pdf,
mcm,2022,F,outstanding,2204803,0.72,outstanding/mcm/2022-F/2204803/pdf/2204803.pdf,
mcm,2022,F,outstanding,2208238,3.31,outstanding/mcm/2022-F/2208238/pdf/2208238.pdf,
mcm,2022,F,outstanding,2209952,2.47,outstanding/mcm/2022-F/2209952/pdf/2209952.pdf,
mcm,2022,F,outstanding,2211240,5.39,outstanding/mcm/2022-F/2211240/pdf/2211240.pdf,
mcm,2022,F,outstanding,2218577,3.75,outstanding/mcm/2022-F/2218577/pdf/2218577.pdf,
mcm,2022,F,outstanding,2220722,1.51,outstanding/mcm/2022-F/2220722/pdf/2220722.pdf,
mcm,2022,F,outstanding,2224021,5.17,outstanding/mcm/2022-F/2224021/pdf/2224021.pdf,
mcm,2022,F,advanced,2022-F-advanced,0.52,mcm/2022-F/advanced/main.pdf,
mcm,2022,F,baseline,2022-F-baseline,0.49,mcm/2022-F/baseline/main.pdf,
mcm,2023,A,outstanding,2300336,7.23,outstanding/mcm/2023-A/2300336/pdf/2300336.pdf,
mcm,2023,A,outstanding,2300661,5.50,outstanding/mcm/2023-A/2300661/pdf/2300661.pdf,
mcm,2023,A,outstanding,2303950,3.38,outstanding/mcm/2023-A/2303950/pdf/2303950.pdf,
mcm,2023,A,outstanding,2309229,10.34,outstanding/mcm/2023-A/2309229/pdf/2309229.pdf,
mcm,2023,A,outstanding,2316994,1.40,outstanding/mcm/2023-A/2316994/pdf/2316994.pdf,
mcm,2023,A,outstanding,2321860,1.96,outstanding/mcm/2023-A/2321860/pdf/2321860.pdf,
mcm,2023,A,outstanding,2322687,14.46,outstanding/mcm/2023-A/2322687/pdf/2322687.pdf,
mcm,2023,A,advanced,2023-A-advanced,0.49,mcm/2023-A/advanced/main.pdf,
mcm,2023,A,baseline,2023-A-baseline,0.53,mcm/2023-A/baseline/main.pdf,
mcm,2023,B,outstanding,2300136,2.25,outstanding/mcm/2023-B/2300136/pdf/2300136.pdf,
mcm,2023,B,outstanding,2315379,3.58,outstanding/mcm/2023-B/2315379/pdf/2315379.pdf,
mcm,2023,B,outstanding,2318300,0.90,outstanding/mcm/2023-B/2318300/pdf/2318300.pdf,
mcm,2023,B,advanced,2023-B-advanced,0.46,mcm/2023-B/advanced/main.pdf,
mcm,2023,B,baseline,2023-B-baseline,0.52,mcm/2023-B/baseline/main.pdf,
mcm,2023,C,outstanding,2300348,5.84,outstanding/mcm/2023-C/2300348/pdf/2300348.pdf,
mcm,2023,C,outstanding,2301192,6.12,outstanding/mcm/2023-C/2301192/pdf/2301192.pdf,
mcm,2023,C,outstanding,2307166,3.00,outstanding/mcm/2023-C/2307166/pdf/2307166.pdf,
mcm,2023,C,outstanding,2307946,6.18,outstanding/mcm/2023-C/2307946/pdf/2307946.pdf,
mcm,2023,C,outstanding,2309397,2.17,outstanding/mcm/2023-C/2309397/pdf/2309397.pdf,
mcm,2023,C,outstanding,2310767,4.29,outstanding/mcm/2023-C/2310767/pdf/2310767.pdf,
mcm,2023,C,outstanding,2311035,9.59,outstanding/mcm/2023-C/2311035/pdf/2311035.pdf,
mcm,2023,C,outstanding,2311717,3.17,outstanding/mcm/2023-C/2311717/pdf/2311717.pdf,
mcm,2023,C,outstanding,2314151,2.31,outstanding/mcm/2023-C/2314151/pdf/2314151.pdf,
mcm,2023,C,outstanding,2318036,1.37,outstanding/mcm/2023-C/2318036/pdf/2318036.pdf,
mcm,2023,C,outstanding,2318982,9.62,outstanding/mcm/2023-C/2318982/pdf/2318982.pdf,
mcm,2023,C,outstanding,2322645,1.76,outstanding/mcm/2023-C/2322645/pdf/2322645.pdf,
mcm,2023,C,advanced,2023-C-advanced,0.46,mcm/2023-C/advanced/main.pdf,
mcm,2023,C,baseline,2023-C-baseline,0.46,mcm/2023-C/baseline/main.pdf,
mcm,2023,D,outstanding,2300229,3.13,outstanding/mcm/2023-D/2300229/pdf/2300229.pdf,
mcm,2023,D,outstanding,2303967,4.77,outstanding/mcm/2023-D/2303967/pdf/2303967.pdf,
mcm,2023,D,outstanding,2304962,3.44,outstanding/mcm/2023-D/2304962/pdf/2304962.pdf,
mcm,2023,D,advanced,2023-D-advanced,0.58,mcm/2023-D/advanced/main.pdf,
mcm,2023,D,baseline,2023-D-baseline,0.47,mcm/2023-D/baseline/main.pdf,
mcm,2023,E,outstanding,2301428,5.37,outstanding/mcm/2023-E/2301428/pdf/2301428.pdf,
mcm,2023,E,outstanding,2305598,5.91,outstanding/mcm/2023-E/2305598/pdf/2305598.pdf,
mcm,2023,E,outstanding,2307336,3.12,outstanding/mcm/2023-E/2307336/pdf/2307336.pdf,
mcm,2023,E,outstanding,2308000,2.72,outstanding/mcm/2023-E/2308000/pdf/2308000.pdf,
mcm,2023,E,outstanding,2312411,2.56,outstanding/mcm/2023-E/2312411/pdf/2312411.pdf,
mcm,2023,E,outstanding,2314354,2.51,outstanding/mcm/2023-E/2314354/pdf/2314354.pdf,
mcm,2023,E,outstanding,2314817,13.00,outstanding/mcm/2023-E/2314817/pdf/2314817.pdf,
mcm,2023,E,outstanding,2320131,4.73,outstanding/mcm/2023-E/2320131/pdf/2320131.pdf,
mcm,2023,E,advanced,2023-E-advanced,0.46,mcm/2023-E/advanced/main.pdf,
mcm,2023,E,baseline,2023-E-baseline,0.47,mcm/2023-E/baseline/main.pdf,
mcm,2023,F,outstanding,2305794,4.00,outstanding/mcm/2023-F/2305794/pdf/2305794.pdf,
mcm,2023,F,outstanding,2311258,4.45,outstanding/mcm/2023-F/2311258/pdf/2311258.pdf,
mcm,2023,F,outstanding,2311517,1.94,outstanding/mcm/2023-F/2311517/pdf/2311517.pdf,
mcm,2023,F,outstanding,2315018,4.84,outstanding/mcm/2023-F/2315018/pdf/2315018.pdf,
mcm,2023,F,advanced,2023-F-advanced,0.40,mcm/2023-F/advanced/main.pdf,
mcm,2023,F,baseline,2023-F-baseline,0.55,mcm/2023-F/baseline/main.pdf,
mcm,2023,Y,advanced,2023-Y-advanced,0.47,mcm/2023-Y/advanced/main.pdf,
mcm,2023,Y,baseline,2023-Y-baseline,0.55,mcm/2023-Y/baseline/main.pdf,
mcm,2023,Z,advanced,2023-Z-advanced,0.46,mcm/2023-Z/advanced/main.pdf,
mcm,2023,Z,baseline,2023-Z-baseline,0.49,mcm/2023-Z/baseline/main.pdf,
mcm,2024,A,outstanding,2400996,4.56,outstanding/mcm/2024-A/2400996/pdf/2400996.pdf,
mcm,2024,A,outstanding,2405424,3.03,outstanding/mcm/2024-A/2405424/pdf/2405424.pdf,
mcm,2024,A,outstanding,2407093,3.16,outstanding/mcm/2024-A/2407093/pdf/2407093.pdf,
mcm,2024,A,outstanding,2424371,10.55,outstanding/mcm/2024-A/2424371/pdf/2424371.pdf,
mcm,2024,A,outstanding,2425397,11.16,outstanding/mcm/2024-A/2425397/pdf/2425397.pdf,
mcm,2024,A,advanced,2024-A-advanced,0.37,mcm/2024-A/advanced/main.pdf,
mcm,2024,A,baseline,2024-A-baseline,0.43,mcm/2024-A/baseline/main.pdf,
mcm,2024,B,outstanding,2407038,3.61,outstanding/mcm/2024-B/2407038/pdf/2407038.pdf,
mcm,2024,B,outstanding,2411570,16.26,outstanding/mcm/2024-B/2411570/pdf/2411570.pdf,
mcm,2024,B,outstanding,2419984,12.45,outstanding/mcm/2024-B/2419984/pdf/2419984.pdf,
mcm,2024,B,outstanding,2425792,10.17,outstanding/mcm/2024-B/2425792/pdf/2425792.pdf,
mcm,2024,B,advanced,2024-B-advanced,0.44,mcm/2024-B/advanced/main.pdf,
mcm,2024,B,baseline,2024-B-baseline,0.52,mcm/2024-B/baseline/main.pdf,
mcm,2024,C,outstanding,2401298,2.92,outstanding/mcm/2024-C/2401298/pdf/2401298.pdf,
mcm,2024,C,outstanding,2401445,4.75,outstanding/mcm/2024-C/2401445/pdf/2401445.pdf,
mcm,2024,C,outstanding,2401919,1.75,outstanding/mcm/2024-C/2401919/pdf/2401919.pdf,
mcm,2024,C,outstanding,2403774,2.13,outstanding/mcm/2024-C/2403774/pdf/2403774.pdf,
mcm,2024,C,outstanding,2406176,4.96,outstanding/mcm/2024-C/2406176/pdf/2406176.pdf,
mcm,2024,C,outstanding,2406324,6.44,outstanding/mcm/2024-C/2406324/pdf/2406324.pdf,
mcm,2024,C,outstanding,2409404,1.87,outstanding/mcm/2024-C/2409404/pdf/2409404.pdf,
mcm,2024,C,outstanding,2409961,2.15,outstanding/mcm/2024-C/2409961/pdf/2409961.pdf,
mcm,2024,C,outstanding,2410482,3.59,outstanding/mcm/2024-C/2410482/pdf/2410482.pdf,
mcm,2024,C,outstanding,2418251,3.77,outstanding/mcm/2024-C/2418251/pdf/2418251.pdf,
mcm,2024,C,outstanding,2425454,9.79,outstanding/mcm/2024-C/2425454/pdf/2425454.pdf,
mcm,2024,C,advanced,2024-C-advanced,0.56,mcm/2024-C/advanced/main.pdf,
mcm,2024,C,baseline,2024-C-baseline,0.44,mcm/2024-C/baseline/main.pdf,
mcm,2024,D,outstanding,2417004,8.73,outstanding/mcm/2024-D/2417004/pdf/2417004.pdf,
mcm,2024,D,outstanding,2417831,12.57,outstanding/mcm/2024-D/2417831/pdf/2417831.pdf,
mcm,2024,D,outstanding,2419588,2.98,outstanding/mcm/2024-D/2419588/pdf/2419588.pdf,
mcm,2024,D,outstanding,2429211,3.11,outstanding/mcm/2024-D/2429211/pdf/2429211.pdf,
mcm,2024,D,advanced,2024-D-advanced,0.47,mcm/2024-D/advanced/main.pdf,
mcm,2024,D,baseline,2024-D-baseline,0.45,mcm/2024-D/baseline/main.pdf,
mcm,2024,E,outstanding,2400860,2.09,outstanding/mcm/2024-E/2400860/pdf/2400860.pdf,
mcm,2024,E,outstanding,2401102,10.48,outstanding/mcm/2024-E/2401102/pdf/2401102.pdf,
mcm,2024,E,outstanding,2407414,3.29,outstanding/mcm/2024-E/2407414/pdf/2407414.pdf,
mcm,2024,E,outstanding,2410578,1.91,outstanding/mcm/2024-E/2410578/pdf/2410578.pdf,
mcm,2024,E,outstanding,2410889,4.09,outstanding/mcm/2024-E/2410889/pdf/2410889.pdf,
mcm,2024,E,outstanding,2413552,5.07,outstanding/mcm/2024-E/2413552/pdf/2413552.pdf,
mcm,2024,E,advanced,2024-E-advanced,0.43,mcm/2024-E/advanced/main.pdf,
mcm,2024,E,baseline,2024-E-baseline,0.52,mcm/2024-E/baseline/main.pdf,
mcm,2024,F,outstanding,2409949,2.47,outstanding/mcm/2024-F/2409949/pdf/2409949.pdf,
mcm,2024,F,outstanding,2413565,5.41,outstanding/mcm/2024-F/2413565/pdf/2413565.pdf,
mcm,2024,F,outstanding,2417340,2.47,outstanding/mcm/2024-F/2417340/pdf/2417340.pdf,
mcm,2024,F,outstanding,2422054,0.91,outstanding/mcm/2024-F/2422054/pdf/2422054.pdf,
mcm,2024,F,outstanding,2426941,1.74,outstanding/mcm/2024-F/2426941/pdf/2426941.pdf,
mcm,2024,F,advanced,2024-F-advanced,0.53,mcm/2024-F/advanced/main.pdf,
mcm,2024,F,baseline,2024-F-baseline,0.58,mcm/2024-F/baseline/main.pdf,
mcm,2025,A,outstanding,2500836,4.68,outstanding/mcm/2025-A/2500836/pdf/2500836.pdf,
mcm,2025,A,outstanding,2501567,7.87,outstanding/mcm/2025-A/2501567/pdf/2501567.pdf,
mcm,2025,A,outstanding,2501909,18.01,outstanding/mcm/2025-A/2501909/pdf/2501909.pdf,
mcm,2025,A,outstanding,2504218,11.27,outstanding/mcm/2025-A/2504218/pdf/2504218.pdf,
mcm,2025,A,outstanding,2511565,17.48,outstanding/mcm/2025-A/2511565/pdf/2511565.pdf,
mcm,2025,A,advanced,2025-A-advanced,0.51,mcm/2025-A/advanced/main.pdf,
mcm,2025,A,baseline,2025-A-baseline,0.44,mcm/2025-A/baseline/main.pdf,
mcm,2025,B,outstanding,2501687,4.56,outstanding/mcm/2025-B/2501687/pdf/2501687.pdf,
mcm,2025,B,outstanding,2502617,4.93,outstanding/mcm/2025-B/2502617/pdf/2502617.pdf,
mcm,2025,B,outstanding,2503268,13.72,outstanding/mcm/2025-B/2503268/pdf/2503268.pdf,
mcm,2025,B,outstanding,2504448,3.81,outstanding/mcm/2025-B/2504448/pdf/2504448.pdf,
mcm,2025,B,outstanding,2505199,3.84,outstanding/mcm/2025-B/2505199/pdf/2505199.pdf,
mcm,2025,B,outstanding,2509557,7.25,outstanding/mcm/2025-B/2509557/pdf/2509557.pdf,
mcm,2025,B,outstanding,2517929,4.57,outstanding/mcm/2025-B/2517929/pdf/2517929.pdf,
mcm,2025,B,advanced,2025-B-advanced,0.48,mcm/2025-B/advanced/main.pdf,
mcm,2025,B,baseline,2025-B-baseline,0.52,mcm/2025-B/baseline/main.pdf,
mcm,2025,C,outstanding,2500759,4.48,outstanding/mcm/2025-C/2500759/pdf/2500759.pdf,
mcm,2025,C,outstanding,2501869,8.93,outstanding/mcm/2025-C/2501869/pdf/2501869.pdf,
mcm,2025,C,outstanding,2503389,6.03,outstanding/mcm/2025-C/2503389/pdf/2503389.pdf,
mcm,2025,C,outstanding,2505964,7.03,outstanding/mcm/2025-C/2505964/pdf/2505964.pdf,
mcm,2025,C,outstanding,2507817,4.10,outstanding/mcm/2025-C/2507817/pdf/2507817.pdf,
mcm,2025,C,outstanding,2510006,14.72,outstanding/mcm/2025-C/2510006/pdf/2510006.pdf,
mcm,2025,C,outstanding,2510185,3.85,outstanding/mcm/2025-C/2510185/pdf/2510185.pdf,
mcm,2025,C,outstanding,2510862,11.53,outstanding/mcm/2025-C/2510862/pdf/2510862.pdf,
mcm,2025,C,outstanding,2513314,6.71,outstanding/mcm/2025-C/2513314/pdf/2513314.pdf,
mcm,2025,C,outstanding,2514362,5.43,outstanding/mcm/2025-C/2514362/pdf/2514362.pdf,
mcm,2025,C,outstanding,2514461,5.61,outstanding/mcm/2025-C/2514461/pdf/2514461.pdf,
mcm,2025,C,outstanding,2515235,3.95,outstanding/mcm/2025-C/2515235/pdf/2515235.pdf,
mcm,2025,C,outstanding,2516178,4.64,outstanding/mcm/2025-C/2516178/pdf/2516178.pdf,
mcm,2025,C,outstanding,2516695,15.27,outstanding/mcm/2025-C/2516695/pdf/2516695.pdf,
mcm,2025,C,outstanding,2517690,3.75,outstanding/mcm/2025-C/2517690/pdf/2517690.pdf,
mcm,2025,C,outstanding,2521556,6.70,outstanding/mcm/2025-C/2521556/pdf/2521556.pdf,
mcm,2025,C,outstanding,2522820,5.42,outstanding/mcm/2025-C/2522820/pdf/2522820.pdf,
mcm,2025,C,outstanding,2524070,4.04,outstanding/mcm/2025-C/2524070/pdf/2524070.pdf,
mcm,2025,C,advanced,2025-C-advanced,0.54,mcm/2025-C/advanced/main.pdf,
mcm,2025,C,baseline,2025-C-baseline,0.48,mcm/2025-C/baseline/main.pdf,
mcm,2025,D,outstanding,2504188,11.68,outstanding/mcm/2025-D/2504188/pdf/2504188.pdf,
mcm,2025,D,outstanding,2507692,20.29,outstanding/mcm/2025-D/2507692/pdf/2507692.pdf,
mcm,2025,D,outstanding,2516219,18.41,outstanding/mcm/2025-D/2516219/pdf/2516219.pdf,
mcm,2025,D,outstanding,2519935,16.02,outstanding/mcm/2025-D/2519935/pdf/2519935.pdf,
mcm,2025,D,advanced,2025-D-advanced,0.58,mcm/2025-D/advanced/main.pdf,
mcm,2025,D,baseline,2025-D-baseline,0.43,mcm/2025-D/baseline/main.pdf,
mcm,2025,E,outstanding,2502355,5.83,outstanding/mcm/2025-E/2502355/pdf/2502355.pdf,
mcm,2025,E,outstanding,2508861,6.17,outstanding/mcm/2025-E/2508861/pdf/2508861.pdf,
mcm,2025,E,outstanding,2515136,16.81,outstanding/mcm/2025-E/2515136/pdf/2515136.pdf,
mcm,2025,E,outstanding,2517273,6.82,outstanding/mcm/2025-E/2517273/pdf/2517273.pdf,
mcm,2025,E,advanced,2025-E-advanced,0.57,mcm/2025-E/advanced/main.pdf,
mcm,2025,E,baseline,2025-E-baseline,0.48,mcm/2025-E/baseline/main.pdf,
mcm,2025,F,outstanding,2504223,6.08,outstanding/mcm/2025-F/2504223/pdf/2504223.pdf,
mcm,2025,F,outstanding,2507789,4.55,outstanding/mcm/2025-F/2507789/pdf/2507789.pdf,
mcm,2025,F,outstanding,2513705,5.93,outstanding/mcm/2025-F/2513705/pdf/2513705.pdf,
mcm,2025,F,outstanding,2517199,4.07,outstanding/mcm/2025-F/2517199/pdf/2517199.pdf,
mcm,2025,F,outstanding,2521039,10.72,outstanding/mcm/2025-F/2521039/pdf/2521039.pdf,
mcm,2025,F,advanced,2025-F-advanced,0.52,mcm/2025-F/advanced/main.pdf,
mcm,2025,F,baseline,2025-F-baseline,0.43,mcm/2025-F/baseline/main.pdf,
